GEO.id,GEO.id2,GEO.display-label,HD01_VD01,HD02_VD01,HD01_VD02,HD02_VD02,HD01_VD03,HD02_VD03,HD01_VD04,HD02_VD04,HD01_VD05,HD02_VD05,HD01_VD06,HD02_VD06,HD01_VD07,HD02_VD07,HD01_VD08,HD02_VD08,HD01_VD09,HD02_VD09,HD01_VD10,HD02_VD10,HD01_VD11,HD02_VD11,HD01_VD12,HD02_VD12,HD01_VD13,HD02_VD13,HD01_VD14,HD02_VD14,HD01_VD15,HD02_VD15,HD01_VD16,HD02_VD16,HD01_VD17,HD02_VD17,HD01_VD18,HD02_VD18,HD01_VD19,HD02_VD19,HD01_VD20,HD02_VD20,HD01_VD21,HD02_VD21,HD01_VD22,HD02_VD22,HD01_VD23,HD02_VD23,HD01_VD24,HD02_VD24,HD01_VD25,HD02_VD25
Id,Id2,Geography,Estimate; Total:,Margin of Error; Total:,Estimate; Total: - No schooling completed,Margin of Error; Total: - No schooling completed,Estimate; Total: - Nursery school,Margin of Error; Total: - Nursery school,Estimate; Total: - Kindergarten,Margin of Error; Total: - Kindergarten,Estimate; Total: - 1st grade,Margin of Error; Total: - 1st grade,Estimate; Total: - 2nd grade,Margin of Error; Total: - 2nd grade,Estimate; Total: - 3rd grade,Margin of Error; Total: - 3rd grade,Estimate; Total: - 4th grade,Margin of Error; Total: - 4th grade,Estimate; Total: - 5th grade,Margin of Error; Total: - 5th grade,Estimate; Total: - 6th grade,Margin of Error; Total: - 6th grade,Estimate; Total: - 7th grade,Margin of Error; Total: - 7th grade,Estimate; Total: - 8th grade,Margin of Error; Total: - 8th grade,Estimate; Total: - 9th grade,Margin of Error; Total: - 9th grade,Estimate; Total: - 10th grade,Margin of Error; Total: - 10th grade,Estimate; Total: - 11th grade,Margin of Error; Total: - 11th grade,"Estimate; Total: - 12th grade, no diploma","Margin of Error; Total: - 12th grade, no diploma",Estimate; Total: - Regular high school diploma,Margin of Error; Total: - Regular high school diploma,Estimate; Total: - GED or alternative credential,Margin of Error; Total: - GED or alternative credential,"Estimate; Total: - Some college, less than 1 year","Margin of Error; Total: - Some college, less than 1 year","Estimate; Total: - Some college, 1 or more years, no degree","Margin of Error; Total: - Some college, 1 or more years, no degree",Estimate; Total: - Associate's degree,Margin of Error; Total: - Associate's degree,Estimate; Total: - Bachelor's degree,Margin of Error; Total: - Bachelor's degree,Estimate; Total: - Master's degree,Margin of Error; Total: - Master's degree,Estimate; Total: - Professional school degree,Margin of Error; Total: - Professional school degree,Estimate; Total: - Doctorate degree,Margin of Error; Total: - Doctorate degree
1400000US53033000100,53033000100,"Census Tract 1, King County, Washington",5365,360,74,68,0,17,0,17,0,17,0,17,69,72,56,88,0,17,41,65,0,17,106,101,0,17,29,32,0,17,156,89,696,256,190,115,297,118,663,179,405,131,1509,248,552,186,273,115,249,115
1400000US53033000200,53033000200,"Census Tract 2, King County, Washington",5863,374,164,125,0,17,0,17,0,17,0,17,0,17,0,17,0,17,81,100,3,9,0,17,19,33,19,29,84,110,116,91,671,202,159,88,285,129,628,173,497,162,1896,333,966,224,60,55,215,114
1400000US53033000300,53033000300,"Census Tract 3, King County, Washington",2137,152,16,22,0,12,0,12,0,12,0,12,1,2,0,12,0,12,0,12,0,12,0,12,10,17,62,59,54,56,53,42,321,128,46,40,175,74,229,93,341,156,577,157,185,80,25,24,42,29
1400000US53033000401,53033000401,"Census Tract 4.01, King County, Washington",4798,348,77,57,0,17,0,17,0,17,0,17,0,17,0,17,26,47,22,33,0,17,27,45,29,37,48,53,66,64,12,20,747,211,188,84,282,120,956,270,514,223,1232,297,370,155,77,69,125,82
1400000US53033000402,53033000402,"Census Tract 4.02, King County, Washington",4400,413,42,39,0,17,0,17,0,17,0,17,0,17,0,17,7,17,0,17,0,17,34,28,6,12,37,41,61,56,76,90,743,201,40,44,229,105,558,198,209,100,1602,264,459,193,208,127,89,69
1400000US53033000500,53033000500,"Census Tract 5, King County, Washington",2379,141,0,12,7,12,0,12,0,12,0,12,9,14,4,8,0,12,0,12,0,12,0,12,0,12,0,12,0,12,18,19,139,56,27,28,79,43,323,86,151,62,932,162,429,91,168,49,93,43
1400000US53033000600,53033000600,"Census Tract 6, King County, Washington",5789,358,33,39,0,17,0,17,0,17,0,17,9,19,0,17,0,17,62,35,0,17,0,17,13,28,24,30,0,17,244,119,807,247,248,155,337,106,801,188,374,161,1648,292,890,231,195,92,104,69
1400000US53033000700,53033000700,"Census Tract 7, King County, Washington",3269,250,0,12,15,22,0,12,0,12,0,12,0,12,0,12,0,12,0,12,0,12,0,12,0,12,44,69,0,12,75,56,435,166,92,66,149,75,463,134,460,166,944,188,454,148,65,60,73,52
1400000US53033000800,53033000800,"Census Tract 8, King County, Washington",1878,136,1,2,0,12,0,12,0,12,0,12,0,12,0,12,0,12,0,12,0,12,5,9,0,12,0,12,15,18,24,22,117,64,12,14,83,51,372,127,95,47,496,102,410,126,130,52,118,47
1400000US53033000900,53033000900,"Census Tract 9, King County, Washington",1465,97,0,12,0,12,0,12,0,12,0,12,0,12,0,12,0,12,0,12,0,12,5,8,2,4,6,9,27,33,0,12,85,46,11,11,53,26,108,44,68,33,469,82,298,59,123,41,210,61
1400000US53033001000,53033001000,"Census Tract 10, King County, Washington",1325,106,0,12,0,12,0,12,0,12,0,12,0,12,0,12,0,12,0,12,0,12,9,21,14,23,2,4,0,12,6,10,105,69,2,5,22,18,242,77,89,41,396,77,301,66,55,25,82,33
1400000US53033001100,53033001100,"Census Tract 11, King County, Washington",1987,195,0,12,0,12,0,12,0,12,8,16,0,12,0,12,0,12,0,12,10,15,0,12,0,12,0,12,38,57,24,29,183,81,40,38,65,45,280,101,121,60,621,133,465,99,83,45,49,34
1400000US53033001200,53033001200,"Census Tract 12, King County, Washington",5224,380,63,53,0,17,4,11,0,17,0,17,0,17,0,17,0,17,24,34,0,17,0,17,118,73,118,85,105,76,79,47,548,199,55,49,329,144,986,342,350,133,1489,329,753,207,74,43,129,72
1400000US53033001300,53033001300,"Census Tract 13, King County, Washington",3435,269,26,37,14,23,0,12,0,12,0,12,0,12,0,12,0,12,50,63,0,12,0,12,0,12,31,50,33,38,85,62,338,137,83,63,93,63,484,151,372,140,1162,252,471,146,147,92,46,49
1400000US53033001400,53033001400,"Census Tract 14, King County, Washington",4085,429,0,17,0,17,0,17,0,17,0,17,15,25,0,17,0,17,20,31,0,17,35,39,15,24,139,104,35,45,32,41,395,151,66,54,251,123,562,203,392,156,1190,227,668,235,81,71,189,95
1400000US53033001500,53033001500,"Census Tract 15, King County, Washington",1923,138,0,12,0,12,6,9,0,12,0,12,0,12,0,12,0,12,0,12,0,12,0,12,0,12,0,12,0,12,0,12,137,63,13,20,183,72,192,65,65,44,876,131,278,74,85,50,88,51
1400000US53033001600,53033001600,"Census Tract 16, King County, Washington",3256,161,9,12,0,12,0,12,0,12,0,12,0,12,0,12,0,12,0,12,0,12,0,12,0,12,7,12,0,12,9,13,239,71,65,50,119,52,398,112,330,128,1159,184,647,137,197,70,77,39
1400000US53033001701,53033001701,"Census Tract 17.01, King County, Washington",3052,228,0,12,16,24,0,12,0,12,0,12,0,12,0,12,0,12,0,12,0,12,0,12,0,12,2,4,43,50,43,54,184,88,19,21,209,85,243,84,269,109,1274,186,549,135,122,65,79,56
1400000US53033001702,53033001702,"Census Tract 17.02, King County, Washington",3583,326,47,46,0,12,0,12,0,12,0,12,0,12,0,12,0,12,0,12,0,12,0,12,0,12,16,25,0,12,27,33,334,107,87,51,210,103,498,125,404,160,1462,199,415,144,55,44,28,36
1400000US53033001800,53033001800,"Census Tract 18, King County, Washington",3793,364,75,80,0,17,0,17,133,211,0,17,0,17,46,72,0,17,18,28,0,17,18,28,0,17,0,17,0,17,28,27,209,99,0,17,92,65,471,170,416,203,1586,329,483,168,81,59,137,102
1400000US53033001900,53033001900,"Census Tract 19, King County, Washington",3632,185,0,12,0,12,0,12,0,12,0,12,0,12,0,12,0,12,25,38,5,11,19,29,13,20,34,46,8,12,38,30,311,88,40,34,145,59,623,184,206,64,1382,175,453,90,149,58,181,96
1400000US53033002000,53033002000,"Census Tract 20, King County, Washington",2827,193,0,12,0,12,0,12,0,12,9,15,0,12,0,12,0,12,10,16,6,11,0,12,0,12,11,15,18,22,12,18,151,56,48,63,12,18,474,130,258,104,1031,152,615,99,74,39,98,55
1400000US53033002100,53033002100,"Census Tract 21, King County, Washington",3125,175,9,14,0,12,0,12,0,12,0,12,0,12,0,12,0,12,15,22,0,12,0,12,19,22,24,25,0,12,18,27,348,170,16,25,134,66,294,88,233,74,1131,150,506,100,143,72,235,93
1400000US53033002200,53033002200,"Census Tract 22, King County, Washington",4030,222,0,17,0,17,0,17,0,17,0,17,0,17,5,12,0,17,0,17,0,17,0,17,0,17,0,17,0,17,8,13,216,101,19,27,96,60,321,107,252,147,1217,198,978,241,461,136,457,162
1400000US53033002400,53033002400,"Census Tract 24, King County, Washington",2230,111,0,12,0,12,0,12,0,12,0,12,0,12,0,12,0,12,0,12,0,12,45,49,0,12,0,12,9,13,22,26,61,43,8,12,46,32,341,85,199,116,717,149,484,108,133,60,165,60
1400000US53033002500,53033002500,"Census Tract 25, King County, Washington",2298,147,0,12,0,12,0,12,0,12,0,12,0,12,0,12,0,12,0,12,0,12,0,12,6,10,0,12,0,12,0,12,135,64,70,46,101,49,306,150,124,77,904,156,380,94,90,74,182,86
1400000US53033002600,53033002600,"Census Tract 26, King County, Washington",3557,207,0,17,0,17,0,17,0,17,0,17,0,17,0,17,0,17,0,17,0,17,0,17,1,3,0,17,0,17,0,17,276,135,30,26,85,41,322,108,233,77,1453,168,693,126,205,70,259,95
1400000US53033002700,53033002700,"Census Tract 27, King County, Washington",4524,439,15,23,0,17,0,17,0,17,0,17,0,17,0,17,0,17,0,17,10,17,0,17,24,35,14,23,41,44,27,30,251,142,13,22,143,106,502,150,125,95,1872,385,820,181,333,127,334,157
1400000US53033002800,53033002800,"Census Tract 28, King County, Washington",3711,237,15,23,0,12,0,12,0,12,0,12,0,12,0,12,0,12,0,12,0,12,1,4,2,4,10,16,1,4,10,16,177,88,39,52,46,39,341,111,236,106,1761,269,633,157,295,120,144,97
1400000US53033002900,53033002900,"Census Tract 29, King County, Washington",3290,179,0,12,0,12,0,12,0,12,0,12,0,12,0,12,0,12,0,12,0,12,0,12,18,21,0,12,2,4,17,19,211,81,82,64,117,74,335,82,108,73,1248,154,831,156,211,79,110,55
1400000US53033003000,53033003000,"Census Tract 30, King County, Washington",4235,343,0,17,0,17,0,17,0,17,0,17,0,17,0,17,15,24,1,2,0,17,16,24,0,17,15,27,16,25,16,25,441,183,71,50,139,83,387,123,246,108,1740,302,778,231,255,110,99,72
1400000US53033003100,53033003100,"Census Tract 31, King County, Washington",4579,250,12,19,0,17,0,17,0,17,0,17,0,17,0,17,0,17,17,27,0,17,21,31,3,6,33,38,72,91,9,17,335,122,13,20,181,95,582,185,327,165,1937,249,769,163,190,94,78,53
1400000US53033003200,53033003200,"Census Tract 32, King County, Washington",6607,464,27,42,0,17,0,17,0,17,0,17,0,17,0,17,0,17,0,17,13,22,27,32,19,31,0,17,18,28,0,17,243,129,79,53,156,72,669,216,468,167,3013,383,1298,273,347,193,230,110
1400000US53033003300,53033003300,"Census Tract 33, King County, Washington",5147,277,0,17,0,17,0,17,0,17,0,17,0,17,0,17,0,17,16,25,0,17,46,72,0,17,20,32,16,25,0,17,332,154,65,75,144,73,468,135,422,144,2381,296,835,194,268,110,134,101
1400000US53033003400,53033003400,"Census Tract 34, King County, Washington",2644,189,0,12,0,12,0,12,0,12,0,12,0,12,0,12,0,12,0,12,10,16,0,12,0,12,0,12,0,12,9,15,94,50,8,12,73,41,169,63,288,98,1040,175,754,133,128,60,71,34
1400000US53033003500,53033003500,"Census Tract 35, King County, Washington",3117,188,0,12,0,12,0,12,0,12,0,12,0,12,0,12,0,12,2,4,3,6,2,4,2,5,18,20,0,12,4,8,115,53,58,44,64,49,371,112,159,79,1136,162,938,160,153,51,92,64
1400000US53033003600,53033003600,"Census Tract 36, King County, Washington",4843,435,0,17,0,17,0,17,0,17,0,17,0,17,8,16,0,17,0,17,0,17,0,17,0,17,26,30,0,17,0,17,214,108,55,54,140,95,333,147,209,90,2409,415,883,253,308,138,258,139
1400000US53033003800,53033003800,"Census Tract 38, King County, Washington",1432,101,17,20,0,12,0,12,0,12,0,12,0,12,0,12,0,12,0,12,0,12,0,12,6,8,0,12,0,12,11,12,110,43,10,13,30,22,148,68,66,34,418,74,328,73,122,40,166,49
1400000US53033003900,53033003900,"Census Tract 39, King County, Washington",2185,146,14,22,0,12,0,12,0,12,0,12,0,12,0,12,0,12,11,17,0,12,0,12,0,12,0,12,0,12,18,21,93,60,21,22,70,43,274,87,123,57,856,148,353,93,156,60,196,64
1400000US53033004000,53033004000,"Census Tract 40, King County, Washington",2220,146,0,12,0,12,0,12,0,12,0,12,0,12,0,12,0,12,0,12,0,12,0,12,9,20,66,53,58,40,8,12,66,42,10,15,56,40,119,73,52,35,787,156,475,95,327,104,187,67
1400000US53033004100,53033004100,"Census Tract 41, King County, Washington",5343,303,0,17,0,17,0,17,0,17,0,17,0,17,0,17,5,11,0,17,0,17,0,17,36,38,0,17,21,30,30,38,88,65,15,22,106,63,287,188,378,155,2107,259,1000,181,631,176,639,194
1400000US53033004200,53033004200,"Census Tract 42, King County, Washington",5972,305,0,17,0,17,0,17,0,17,0,17,0,17,0,17,0,17,0,17,0,17,44,48,0,17,14,22,0,17,36,40,111,74,19,31,161,94,535,215,313,100,2342,305,1557,232,434,139,406,135
1400000US53033004301,53033004301,"Census Tract 43.01, King County, Washington",2297,164,0,12,0,12,0,12,0,12,0,12,10,15,24,37,0,12,0,12,0,12,5,14,0,12,0,12,0,12,18,20,128,73,0,12,94,80,192,87,122,60,791,146,551,131,158,68,204,68
1400000US53033004302,53033004302,"Census Tract 43.02, King County, Washington",1258,168,10,15,0,12,0,12,0,12,0,12,0,12,0,12,0,12,0,12,0,12,0,12,0,12,0,12,11,17,11,14,97,51,10,14,36,28,106,63,128,67,385,110,283,103,27,20,154,72
1400000US53033004400,53033004400,"Census Tract 44, King County, Washington",3624,409,0,17,16,25,0,17,0,17,0,17,0,17,0,17,0,17,0,17,0,17,0,17,0,17,0,17,0,17,0,17,275,236,20,30,156,95,300,131,38,42,1534,352,706,177,221,102,358,183
1400000US53033004500,53033004500,"Census Tract 45, King County, Washington",2092,272,0,12,0,12,0,12,0,12,0,12,0,12,0,12,0,12,0,12,0,12,0,12,16,27,0,12,0,12,0,12,130,68,2,5,87,68,224,112,140,77,934,178,355,119,101,45,103,78
1400000US53033004600,53033004600,"Census Tract 46, King County, Washington",2737,206,0,12,0,12,0,12,0,12,0,12,0,12,0,12,0,12,0,12,0,12,21,33,0,12,0,12,17,27,7,12,106,55,0,12,102,57,236,81,133,77,1186,150,641,130,167,56,121,50
1400000US53033004700,53033004700,"Census Tract 47, King County, Washington",7762,453,29,48,0,17,0,17,0,17,0,17,0,17,0,17,35,54,0,17,0,17,51,57,27,44,0,17,63,72,65,75,637,388,36,59,218,165,792,293,609,326,3438,510,1345,322,267,148,150,117
1400000US53033004800,53033004800,"Census Tract 48, King County, Washington",4268,290,0,17,0,17,0,17,0,17,0,17,0,17,0,17,0,17,0,17,0,17,14,22,0,17,0,17,0,17,11,18,125,61,33,32,112,78,431,170,288,111,2015,296,911,222,181,77,147,87
1400000US53033004900,53033004900,"Census Tract 49, King County, Washington",5607,462,5,12,0,17,0,17,0,17,0,17,6,13,0,17,0,17,0,17,0,17,0,17,21,34,0,17,21,28,28,38,212,132,52,53,147,78,424,163,396,189,2933,420,876,219,157,85,329,109
1400000US53033005000,53033005000,"Census Tract 50, King County, Washington",2970,322,12,20,0,12,0,12,0,12,0,12,0,12,0,12,0,12,0,12,0,12,0,12,0,12,0,12,13,20,38,41,109,66,0,12,47,38,295,130,277,189,1247,229,682,161,104,57,146,97
1400000US53033005100,53033005100,"Census Tract 51, King County, Washington",2716,191,0,12,0,12,0,12,0,12,0,12,0,12,0,12,0,12,0,12,0,12,0,12,28,45,0,12,12,18,14,15,135,69,47,51,60,34,186,80,145,71,980,150,670,103,190,75,249,79
1400000US53033005200,53033005200,"Census Tract 52, King County, Washington",3160,458,13,22,0,17,0,17,0,17,0,17,0,17,0,17,0,17,0,17,0,17,20,31,0,17,18,28,0,17,11,19,101,69,55,51,215,136,356,153,169,143,1166,226,702,193,170,118,164,90
1400000US53033005301,53033005301,"Census Tract 53.01, King County, Washington",1971,353,9,21,0,17,0,17,0,17,0,17,24,33,0,17,0,17,0,17,0,17,0,17,38,47,58,86,0,17,0,17,146,64,49,52,51,74,445,270,151,94,541,163,318,106,19,30,122,70
1400000US53033005302,53033005302,"Census Tract 53.02, King County, Washington",242,69,0,12,0,12,0,12,0,12,0,12,0,12,0,12,0,12,0,12,0,12,0,12,0,12,0,12,0,12,28,60,0,12,24,37,11,14,41,36,4,6,90,35,44,24,0,12,0,12
1400000US53033005400,53033005400,"Census Tract 54, King County, Washington",4353,328,0,17,0,17,0,17,0,17,0,17,0,17,0,17,0,17,0,17,8,16,0,17,0,17,15,35,0,17,0,17,113,66,0,17,83,62,356,135,196,98,2082,315,958,200,260,105,282,137
1400000US53033005600,53033005600,"Census Tract 56, King County, Washington",4969,265,19,31,0,17,0,17,0,17,0,17,0,17,20,31,0,17,0,17,0,17,0,17,16,26,15,23,0,17,54,48,222,108,0,17,91,62,376,135,282,123,2024,228,1045,242,474,169,331,134
1400000US53033005700,53033005700,"Census Tract 57, King County, Washington",4906,274,0,17,0,17,0,17,0,17,0,17,0,17,0,17,0,17,0,17,0,17,0,17,0,17,0,17,16,25,66,60,361,111,47,43,177,84,626,219,325,125,1904,230,816,206,328,134,240,133
1400000US53033005801,53033005801,"Census Tract 58.01, King County, Washington",3836,298,13,21,0,17,0,17,0,17,0,17,0,17,0,17,0,17,0,17,0,17,0,17,16,24,19,28,56,87,17,28,416,144,90,55,151,77,560,171,365,133,1518,253,411,144,111,77,93,63
1400000US53033005802,53033005802,"Census Tract 58.02, King County, Washington",4384,386,0,17,0,17,0,17,0,17,0,17,0,17,0,17,44,49,0,17,0,17,3,6,17,26,0,17,23,32,17,28,282,143,87,93,258,128,390,149,223,124,1999,362,730,242,162,73,149,95
1400000US53033005900,53033005900,"Census Tract 59, King County, Washington",4371,368,0,17,0,17,0,17,0,17,0,17,0,17,0,17,0,17,0,17,0,17,0,17,0,17,0,17,0,17,0,17,187,99,63,77,138,93,394,144,142,103,1932,317,938,226,393,223,184,99
1400000US53033006000,53033006000,"Census Tract 60, King County, Washington",4138,369,25,38,0,17,0,17,0,17,0,17,0,17,0,17,0,17,0,17,0,17,0,17,0,17,8,16,0,17,19,30,92,57,30,36,227,133,379,166,173,99,1610,236,916,232,357,167,302,126
1400000US53033006100,53033006100,"Census Tract 61, King County, Washington",4191,262,11,18,0,17,0,17,0,17,0,17,0,17,0,17,0,17,0,17,0,17,0,17,1,4,17,27,16,25,0,17,148,99,19,30,86,65,477,160,168,101,1786,238,795,195,433,170,234,133
1400000US53033006200,53033006200,"Census Tract 62, King County, Washington",3179,183,0,12,0,12,0,12,0,12,0,12,0,12,0,12,0,12,0,12,0,12,0,12,19,28,11,17,9,16,0,12,148,66,61,49,36,27,183,75,51,41,1054,209,848,112,563,107,196,66
1400000US53033006300,53033006300,"Census Tract 63, King County, Washington",4039,289,0,17,0,17,0,17,0,17,0,17,0,17,0,17,0,17,0,17,0,17,5,11,19,30,0,17,0,17,0,17,56,44,11,16,71,49,466,166,134,96,1617,278,957,196,476,165,227,105
1400000US53033006400,53033006400,"Census Tract 64, King County, Washington",2570,131,13,21,0,12,0,12,0,12,0,12,0,12,0,12,0,12,0,12,0,12,8,13,0,12,3,8,0,12,0,12,57,38,35,34,69,39,190,85,72,51,1134,170,426,113,390,116,173,64
1400000US53033006500,53033006500,"Census Tract 65, King County, Washington",3652,281,1,2,0,12,0,12,0,12,0,12,0,12,0,12,0,12,0,12,1,2,0,12,2,4,0,12,21,38,0,12,170,87,16,24,117,100,396,139,226,133,1339,232,759,200,403,144,201,120
1400000US53033006600,53033006600,"Census Tract 66, King County, Washington",3028,356,0,12,0,12,0,12,0,12,0,12,0,12,0,12,0,12,2,5,0,12,5,12,0,12,0,12,0,12,0,12,135,98,3,6,94,68,266,122,244,86,1302,241,598,147,104,68,275,136
1400000US53033006700,53033006700,"Census Tract 67, King County, Washington",7126,470,39,49,0,17,0,17,0,17,0,17,0,17,0,17,0,17,9,19,0,17,29,40,27,38,31,52,0,17,0,17,242,129,85,67,162,122,843,267,411,232,2805,451,1821,494,497,218,125,85
1400000US53033006800,53033006800,"Census Tract 68, King County, Washington",2407,179,4,8,0,12,0,12,0,12,0,12,0,12,0,12,0,12,0,12,0,12,0,12,0,12,0,12,7,13,3,7,88,51,20,20,41,29,176,72,87,47,1173,171,537,136,199,72,72,41
1400000US53033006900,53033006900,"Census Tract 69, King County, Washington",3705,208,76,118,0,12,0,12,0,12,0,12,0,12,0,12,0,12,0,12,0,12,0,12,0,12,25,37,14,23,0,12,147,77,38,46,154,88,286,130,240,115,1643,208,691,153,267,102,124,81
1400000US53033007000,53033007000,"Census Tract 70, King County, Washington",6304,416,76,77,0,17,0,17,0,17,0,17,0,17,0,17,120,152,0,17,0,17,0,17,6,12,0,17,0,17,53,62,381,154,65,69,243,130,723,218,306,149,2849,422,952,303,283,127,247,123
1400000US53033007100,53033007100,"Census Tract 71, King County, Washington",3537,321,0,12,0,12,0,12,0,12,0,12,0,12,18,26,0,12,5,11,5,12,7,12,0,12,0,12,17,19,0,12,314,199,97,62,62,47,372,139,61,44,1301,255,1001,227,204,96,73,52
1400000US53033007200,53033007200,"Census Tract 72, King County, Washington",6426,577,0,17,0,17,0,17,0,17,0,17,5,11,0,17,0,17,4,11,0,17,26,43,0,17,0,17,5,12,169,106,215,163,143,91,115,102,650,248,466,188,2437,487,1915,443,146,92,130,108
1400000US53033007300,53033007300,"Census Tract 73, King County, Washington",4930,368,0,17,0,17,0,17,0,17,26,39,0,17,16,25,32,50,7,16,0,17,30,38,7,14,29,31,29,38,40,43,246,110,65,61,127,72,1032,285,177,109,1570,264,979,236,351,151,167,89
1400000US53033007401,53033007401,"Census Tract 74.01, King County, Washington",4531,313,39,45,0,17,0,17,0,17,0,17,0,17,0,17,0,17,0,17,0,17,0,17,0,17,66,103,0,17,20,31,114,70,31,36,150,86,611,186,251,141,2063,289,781,221,103,66,302,150
1400000US53033007402,53033007402,"Census Tract 74.02, King County, Washington",4605,417,0,17,0,17,0,17,0,17,0,17,0,17,0,17,0,17,0,17,0,17,0,17,6,15,22,35,81,94,38,42,426,188,129,47,141,89,872,251,258,120,1543,305,785,203,194,109,110,66
1400000US53033007500,53033007500,"Census Tract 75, King County, Washington",6507,508,31,50,0,17,1,4,0,17,0,17,0,17,1,4,0,17,0,17,0,17,0,17,20,35,0,17,0,17,27,41,220,163,26,41,211,177,845,281,496,210,3148,461,829,268,397,191,255,150
1400000US53033007600,53033007600,"Census Tract 76, King County, Washington",3123,229,8,12,0,12,0,12,0,12,0,12,0,12,0,12,0,12,0,12,2,4,0,12,0,12,2,5,16,25,6,13,241,127,2,5,39,35,390,131,157,87,1191,219,633,135,307,170,129,69
1400000US53033007700,53033007700,"Census Tract 77, King County, Washington",3769,289,0,17,0,17,0,17,0,17,0,17,0,17,0,17,0,17,3,10,0,17,0,17,0,17,0,17,0,17,0,17,264,171,43,36,108,69,418,156,325,119,1581,283,666,152,195,110,166,95
1400000US53033007800,53033007800,"Census Tract 78, King County, Washington",4075,283,13,21,0,17,0,17,0,17,0,17,0,17,0,17,0,17,26,42,0,17,0,17,19,29,0,17,35,54,0,17,198,130,43,61,45,42,198,118,155,102,1502,217,1034,193,573,187,234,101
1400000US53033007900,53033007900,"Census Tract 79, King County, Washington",5032,485,68,67,0,17,0,17,0,17,1,2,0,17,16,25,0,17,48,71,18,28,18,25,10,20,40,43,4,19,5,11,292,140,54,46,155,100,500,201,343,141,2205,472,756,207,200,95,299,222
1400000US53033008001,53033008001,"Census Tract 80.01, King County, Washington",6030,488,0,17,0,17,0,17,0,17,0,17,0,17,0,17,0,17,0,17,0,17,0,17,91,148,20,47,0,17,29,46,332,161,208,128,329,277,732,268,106,82,1966,353,1576,557,370,213,271,167
1400000US53033008002,53033008002,"Census Tract 80.02, King County, Washington",2864,310,15,24,0,12,0,12,0,12,0,12,0,12,0,12,0,12,0,12,11,26,0,12,18,29,0,12,25,33,73,52,262,132,123,100,126,86,613,196,140,86,907,175,395,198,72,46,84,62
1400000US53033008100,53033008100,"Census Tract 81, King County, Washington",4170,326,0,12,0,12,0,12,0,12,0,12,8,19,0,12,0,12,13,20,7,15,26,29,25,35,66,47,66,45,116,94,488,154,193,93,141,89,631,147,145,109,1231,215,655,201,261,120,98,65
1400000US53033008200,53033008200,"Census Tract 82, King County, Washington",3440,341,0,12,0,12,0,12,0,12,0,12,0,12,0,12,0,12,0,12,0,12,0,12,0,12,0,12,0,12,3,7,171,103,17,22,311,140,452,159,138,93,1361,264,595,238,284,121,108,68
1400000US53033008300,53033008300,"Census Tract 83, King County, Washington",2665,219,9,13,0,12,0,12,0,12,0,12,0,12,0,12,0,12,10,15,0,12,5,13,5,13,15,20,15,19,30,41,204,93,131,79,128,50,403,136,168,73,999,135,383,98,151,74,9,14
1400000US53033008400,53033008400,"Census Tract 84, King County, Washington",3522,296,35,55,0,12,0,12,0,12,0,12,0,12,17,27,0,12,0,12,0,12,0,12,0,12,0,12,41,56,8,13,161,94,64,40,185,109,437,128,321,126,1381,213,581,164,177,81,114,94
1400000US53033008500,53033008500,"Census Tract 85, King County, Washington",3593,275,119,63,25,34,0,12,0,12,0,12,0,12,0,12,8,14,39,41,9,13,79,57,32,38,69,51,188,69,20,27,378,135,293,108,236,102,841,158,154,82,604,125,253,82,146,72,100,47
1400000US53033008600,53033008600,"Census Tract 86, King County, Washington",2346,327,97,81,0,17,46,20,0,17,0,17,0,17,0,17,12,19,0,17,0,17,45,48,45,71,0,17,0,17,13,21,106,82,69,64,79,58,177,132,111,92,998,221,281,120,120,73,147,109
1400000US53033008700,53033008700,"Census Tract 87, King County, Washington",3094,351,20,23,0,12,0,12,0,12,0,12,0,12,0,12,7,11,38,46,29,45,55,79,51,63,9,15,27,43,70,43,164,89,142,106,158,92,490,164,241,101,1004,203,241,77,185,88,163,73
1400000US53033008800,53033008800,"Census Tract 88, King County, Washington",2999,328,11,18,0,12,0,12,0,12,40,42,80,88,0,12,24,36,27,43,0,12,18,20,13,18,14,15,30,41,13,14,248,104,45,44,98,57,346,129,157,58,1069,205,549,117,175,72,42,32
1400000US53033008900,53033008900,"Census Tract 89, King County, Washington",3932,455,0,17,0,17,0,17,0,17,37,33,9,19,0,17,9,19,60,93,46,32,18,19,75,100,36,42,14,25,29,36,442,169,0,17,128,80,560,216,321,158,1419,367,487,164,190,113,52,49
1400000US53033009000,53033009000,"Census Tract 90, King County, Washington",2798,223,95,55,0,12,8,12,0,12,13,20,27,38,8,11,12,19,43,34,0,12,46,41,34,37,10,18,38,44,83,71,512,133,33,29,83,46,327,113,195,80,726,132,379,100,79,56,47,35
1400000US53033009100,53033009100,"Census Tract 91, King County, Washington",2121,175,44,36,0,12,0,12,7,13,9,14,106,76,25,31,31,39,125,74,0,12,76,68,143,96,17,18,0,12,150,75,345,105,28,24,63,34,258,97,102,75,446,180,70,41,55,34,21,28
1400000US53033009200,53033009200,"Census Tract 92, King County, Washington",2293,213,67,39,0,12,0,12,0,12,0,12,15,24,6,13,8,16,91,63,4,10,95,72,47,51,22,18,15,22,51,46,220,98,101,48,125,62,482,143,130,62,584,123,148,64,46,29,36,23
1400000US53033009300,53033009300,"Census Tract 93, King County, Washington",2182,310,65,49,0,12,0,12,0,12,0,12,7,10,18,29,0,12,14,23,44,46,9,21,15,24,0,12,51,43,70,56,234,87,72,38,137,98,361,114,166,64,572,134,220,60,65,38,62,43
1400000US53033009400,53033009400,"Census Tract 94, King County, Washington",4755,404,191,127,0,17,0,17,0,17,93,75,0,17,19,29,16,24,248,199,0,17,33,38,99,81,75,87,70,79,91,63,581,241,133,87,189,118,501,157,460,167,1476,239,312,123,131,79,37,42
1400000US53033009500,53033009500,"Census Tract 95, King County, Washington",4725,387,39,37,0,17,0,17,0,17,0,17,13,21,38,48,0,17,0,17,12,18,82,72,32,36,124,90,15,25,97,82,321,165,64,92,124,85,682,199,203,132,1579,263,709,185,432,134,159,100
1400000US53033009600,53033009600,"Census Tract 96, King County, Washington",4504,351,15,24,0,17,0,17,0,17,15,27,0,17,0,17,0,17,16,28,0,17,38,38,0,17,105,84,2,5,29,32,321,124,20,27,244,108,439,167,423,171,1651,285,669,148,350,167,167,80
1400000US53033009701,53033009701,"Census Tract 97.01, King County, Washington",4949,322,2,6,0,17,0,17,0,17,0,17,0,17,0,17,0,17,0,17,0,17,0,17,50,74,0,17,17,27,28,35,315,129,31,35,213,125,466,154,420,169,2184,316,828,272,329,147,66,55
1400000US53033009702,53033009702,"Census Tract 97.02, King County, Washington",4299,219,49,42,0,17,0,17,0,17,0,17,0,17,0,17,0,17,12,19,6,14,6,15,0,17,17,26,24,48,24,36,442,157,72,64,223,96,411,133,336,128,1772,234,544,128,251,111,110,80
1400000US53033009800,53033009800,"Census Tract 98, King County, Washington",5343,298,13,22,0,17,0,17,0,17,0,17,0,17,0,17,0,17,0,17,0,17,0,17,16,26,36,41,20,32,0,17,523,216,86,64,235,96,854,199,540,201,1882,297,766,205,269,111,103,64
1400000US53033009900,53033009900,"Census Tract 99, King County, Washington",4386,248,21,32,0,17,0,17,0,17,0,17,0,17,0,17,31,46,0,17,0,17,1,2,0,17,2,5,38,43,53,49,361,150,0,17,199,125,483,169,440,232,1911,244,597,148,149,107,100,71
1400000US53033010001,53033010001,"Census Tract 100.01, King County, Washington",2918,276,237,111,0,12,0,12,0,12,0,12,0,12,28,44,117,107,80,68,0,12,85,70,61,55,0,12,10,16,64,62,265,107,55,63,101,76,420,145,145,59,778,190,333,86,113,62,26,25
1400000US53033010002,53033010002,"Census Tract 100.02, King County, Washington",3673,337,128,65,0,17,0,17,42,64,8,14,0,17,0,17,32,35,173,95,8,13,109,104,174,150,12,16,0,17,56,46,591,195,40,36,227,91,427,142,190,72,961,159,360,121,90,50,45,40
1400000US53033010100,53033010100,"Census Tract 101, King County, Washington",5628,530,165,86,0,17,0,17,0,17,33,49,19,27,0,17,5,11,15,27,0,17,63,74,71,69,60,57,166,144,105,86,672,329,206,131,335,169,765,234,386,181,1340,264,891,201,195,83,136,94
1400000US53033010200,53033010200,"Census Tract 102, King County, Washington",3422,186,95,60,0,12,0,12,7,12,0,12,16,24,0,12,0,12,8,12,0,12,0,12,15,25,16,19,13,14,61,54,267,90,60,55,95,49,396,102,217,88,1169,171,702,146,170,74,115,53
1400000US53033010300,53033010300,"Census Tract 103, King County, Washington",4795,496,73,63,0,17,0,17,0,17,0,17,80,66,6,12,10,23,27,35,0,17,61,57,22,28,17,29,28,36,173,108,877,243,184,119,313,216,695,231,356,154,1242,266,471,184,98,91,62,56
1400000US53033010401,53033010401,"Census Tract 104.01, King County, Washington",3299,261,254,106,0,12,14,21,0,12,0,12,53,42,0,12,10,16,81,55,21,24,79,58,20,27,65,74,47,62,228,133,548,140,85,49,112,70,283,95,352,107,671,129,307,94,33,29,36,32
1400000US53033010402,53033010402,"Census Tract 104.02, King County, Washington",3564,274,147,90,0,12,0,12,0,12,3,7,44,51,6,14,14,23,33,29,27,30,90,84,103,88,48,48,17,21,102,69,691,188,18,21,191,84,415,131,399,116,977,194,159,79,72,59,8,16
1400000US53033010500,53033010500,"Census Tract 105, King County, Washington",5372,402,37,43,0,17,1,3,0,17,0,17,2,6,6,13,0,17,0,17,6,13,0,17,8,20,4,9,49,76,44,69,762,232,63,49,309,120,660,187,357,123,1634,279,1038,242,235,131,157,84
1400000US53033010600,53033010600,"Census Tract 106, King County, Washington",6325,353,21,33,0,17,0,17,0,17,0,17,0,17,0,17,0,17,12,19,19,29,36,55,18,30,21,32,58,45,36,41,649,186,140,96,298,124,766,212,553,150,2396,286,904,209,250,113,148,90
1400000US53033010701,53033010701,"Census Tract 107.01, King County, Washington",2265,248,53,36,0,12,0,12,0,12,0,12,0,12,17,27,23,33,16,20,0,12,8,12,13,12,17,15,38,32,45,40,273,111,97,47,78,42,446,132,333,112,533,135,251,85,18,21,6,12
1400000US53033010702,53033010702,"Census Tract 107.02, King County, Washington",2561,250,145,98,0,12,0,12,16,28,48,52,0,12,35,50,37,63,37,50,0,12,58,68,61,70,0,12,47,44,56,38,330,139,109,71,148,83,513,143,167,60,511,174,156,60,62,38,25,22
1400000US53033010800,53033010800,"Census Tract 108, King County, Washington",3325,193,0,12,0,12,0,12,0,12,0,12,13,19,0,12,0,12,23,36,0,12,0,12,3,4,19,22,26,28,45,37,480,133,118,88,127,61,570,137,347,103,1080,173,387,115,53,36,34,41
1400000US53033010900,53033010900,"Census Tract 109, King County, Washington",903,92,0,12,0,12,0,12,0,12,0,12,0,12,0,12,0,12,1,6,0,12,20,30,8,11,12,13,6,11,6,10,92,72,35,20,102,46,126,51,85,38,319,75,91,42,0,12,0,12
1400000US53033011001,53033011001,"Census Tract 110.01, King County, Washington",3181,354,408,171,6,17,23,31,0,12,0,12,18,23,31,35,18,23,16,21,39,53,24,26,141,74,56,38,135,104,124,59,578,146,91,62,149,86,399,154,159,64,594,193,101,70,10,16,61,55
1400000US53033011002,53033011002,"Census Tract 110.02, King County, Washington",2991,244,245,108,0,12,0,12,0,12,7,12,12,16,51,70,47,42,181,140,51,55,133,63,153,129,75,52,43,40,91,56,718,186,63,49,103,59,265,94,142,61,478,130,74,48,52,42,7,12
1400000US53033011101,53033011101,"Census Tract 111.01, King County, Washington",3856,330,254,105,0,17,0,17,0,17,35,50,47,58,39,46,0,17,42,50,0,17,96,68,58,65,44,48,67,47,65,45,728,157,234,122,303,141,560,167,200,67,708,160,284,101,58,37,34,28
1400000US53033011102,53033011102,"Census Tract 111.02, King County, Washington",3094,305,157,115,0,12,9,14,0,12,0,12,16,18,10,17,0,12,225,167,0,12,11,16,102,72,30,33,72,65,9,15,540,172,74,48,145,71,327,121,143,58,775,133,320,94,83,46,46,37
1400000US53033011200,53033011200,"Census Tract 112, King County, Washington",2443,240,15,20,0,12,0,12,0,12,0,12,3,7,8,13,4,10,46,45,40,47,23,28,87,71,76,60,140,117,95,79,549,168,126,69,213,126,342,135,119,63,396,128,161,83,0,12,0,12
1400000US53033011300,53033011300,"Census Tract 113, King County, Washington",5008,350,147,131,0,17,0,17,0,17,0,17,43,68,99,158,4,11,65,49,22,34,59,46,51,55,22,34,77,54,110,75,721,191,182,96,359,134,1213,242,531,127,941,222,253,116,109,71,0,17
1400000US53033011401,53033011401,"Census Tract 114.01, King County, Washington",3031,260,81,84,0,12,12,19,0,12,0,12,0,12,0,12,0,12,109,124,36,42,0,12,61,54,56,45,63,61,99,70,484,134,138,89,145,66,602,137,313,90,535,124,259,83,9,15,29,23
1400000US53033011402,53033011402,"Census Tract 114.02, King County, Washington",3095,173,68,50,0,12,0,12,0,12,0,12,56,49,8,12,26,38,74,64,30,44,0,12,23,34,101,70,44,36,42,29,556,161,98,61,143,64,452,120,196,75,833,178,250,91,43,34,52,44
1400000US53033011500,53033011500,"Census Tract 115, King County, Washington",3435,182,13,15,0,12,0,12,0,12,0,12,0,12,0,12,0,12,0,12,0,12,0,12,10,16,52,37,46,40,49,52,510,132,109,45,232,91,445,133,303,106,1167,177,407,97,44,32,48,34
1400000US53033011600,53033011600,"Census Tract 116, King County, Washington",5353,270,15,24,0,17,0,17,0,17,0,17,0,17,0,17,0,17,0,17,5,12,0,17,5,11,39,27,7,13,14,23,684,223,36,57,206,91,680,178,417,152,2003,270,741,203,338,139,163,82
1400000US53033011700,53033011700,"Census Tract 117, King County, Washington",3620,270,87,65,0,17,0,17,0,17,12,17,16,21,20,29,14,17,94,85,33,29,52,70,98,76,128,93,118,80,131,68,767,171,126,108,132,67,487,150,374,154,655,202,179,77,35,31,62,52
1400000US53033011800,53033011800,"Census Tract 118, King County, Washington",5242,500,439,189,0,17,0,17,0,17,27,41,125,97,0,17,20,33,209,154,51,60,21,35,151,113,77,78,39,63,109,91,1034,272,107,84,231,100,812,267,405,167,914,225,359,149,17,27,95,84
1400000US53033011900,53033011900,"Census Tract 119, King County, Washington",5308,449,171,106,0,17,0,17,0,17,0,17,0,17,14,25,80,70,78,108,37,56,19,30,38,45,53,64,101,79,121,110,1165,333,215,123,252,131,719,232,504,164,1145,245,411,166,85,71,100,83
1400000US53033012000,53033012000,"Census Tract 120, King County, Washington",2558,126,8,13,0,12,0,12,0,12,0,12,0,12,0,12,0,12,0,12,0,12,0,12,10,16,29,45,38,30,18,20,408,123,104,65,110,54,360,101,223,78,829,147,307,97,61,40,53,45
1400000US53033012100,53033012100,"Census Tract 121, King County, Washington",2151,103,0,12,0,12,0,12,0,12,0,12,0,12,0,12,0,12,1,2,2,3,0,12,26,27,0,12,0,12,9,12,234,80,15,20,123,52,375,111,195,61,745,131,327,120,82,57,17,20
1400000US53033020100,53033020100,"Census Tract 201, King County, Washington",2595,252,15,20,0,12,0,12,0,12,0,12,0,12,0,12,0,12,0,12,0,12,17,17,0,12,49,37,15,32,0,12,211,69,52,42,143,57,324,110,210,83,948,151,341,77,157,74,113,51
1400000US53033020200,53033020200,"Census Tract 202, King County, Washington",4174,241,21,28,0,17,0,17,0,17,6,14,5,11,11,27,22,36,7,17,0,17,16,17,24,38,0,17,0,17,57,41,482,139,51,33,162,75,588,179,447,148,1583,249,459,143,129,79,104,67
1400000US53033020300,53033020300,"Census Tract 203, King County, Washington",5064,381,175,97,0,17,0,17,19,30,18,29,80,76,0,17,0,17,63,74,27,62,60,56,0,17,52,61,108,88,136,177,612,186,93,69,263,100,807,178,525,168,1420,237,443,168,74,53,89,78
1400000US53033020401,53033020401,"Census Tract 204.01, King County, Washington",2726,201,0,12,0,12,0,12,0,12,0,12,10,14,0,12,5,11,33,34,0,12,21,21,21,25,30,42,31,28,51,49,410,105,44,33,288,79,402,96,251,90,647,147,358,132,77,50,47,31
1400000US53033020402,53033020402,"Census Tract 204.02, King County, Washington",4061,325,0,17,0,17,0,17,0,17,0,17,0,17,29,48,14,22,3,7,0,17,13,21,15,24,23,27,157,105,199,132,630,266,30,34,205,86,643,161,360,123,1058,218,456,129,132,77,94,54
1400000US53033020500,53033020500,"Census Tract 205, King County, Washington",4789,308,191,113,0,17,0,17,0,17,0,17,10,15,0,17,4,10,14,16,0,17,0,17,0,17,18,29,27,31,34,40,535,175,89,56,239,91,943,233,616,183,1218,265,575,158,169,92,107,62
1400000US53033020600,53033020600,"Census Tract 206, King County, Washington",2555,170,44,34,0,12,0,12,0,12,2,8,0,12,0,12,0,12,26,29,9,14,0,12,19,22,10,14,58,61,51,36,439,112,87,46,127,52,434,92,349,130,623,116,153,67,66,47,58,36
1400000US53033020700,53033020700,"Census Tract 207, King County, Washington",2699,213,14,17,0,12,0,12,0,12,19,30,35,53,31,48,38,49,53,67,9,14,18,20,18,41,42,41,125,88,101,86,364,139,77,42,177,85,465,141,284,108,596,136,173,71,8,13,52,39
1400000US53033020800,53033020800,"Census Tract 208, King County, Washington",3223,163,26,25,0,12,0,12,0,12,0,12,0,12,0,12,0,12,8,13,8,12,0,12,0,12,17,20,14,16,70,61,339,105,43,34,174,75,416,99,212,85,1008,145,527,116,230,73,131,50
1400000US53033020900,53033020900,"Census Tract 209, King County, Washington",2878,232,72,78,0,12,0,12,0,12,0,12,12,19,4,9,0,12,0,12,0,12,15,18,34,45,46,60,19,21,45,39,344,110,77,59,148,68,427,119,191,79,928,164,339,100,109,64,68,58
1400000US53033021000,53033021000,"Census Tract 210, King County, Washington",4408,328,52,74,0,17,0,17,0,17,0,17,0,17,0,17,0,17,6,15,0,17,18,29,21,32,109,115,32,36,126,104,878,270,199,107,175,84,730,209,457,148,1141,236,307,124,132,82,25,29
1400000US53033021100,53033021100,"Census Tract 211, King County, Washington",3443,408,91,68,0,12,0,12,0,12,0,12,0,12,13,29,15,22,39,50,25,58,6,13,18,21,11,25,83,77,97,66,514,217,81,55,302,96,644,181,332,129,743,132,315,96,56,62,58,26
1400000US53033021300,53033021300,"Census Tract 213, King County, Washington",2971,143,15,36,2,4,0,12,1,5,0,12,0,12,0,12,0,12,0,12,3,6,7,17,17,23,0,12,0,12,51,49,316,129,59,47,160,85,449,133,243,76,899,171,421,134,190,71,138,67
1400000US53033021400,53033021400,"Census Tract 214, King County, Washington",2810,209,12,19,0,12,0,12,0,12,0,12,0,12,3,7,0,12,21,22,0,12,0,12,9,13,0,12,19,20,118,84,254,92,92,45,164,67,456,123,124,63,890,151,375,114,126,61,147,68
1400000US53033021500,53033021500,"Census Tract 215, King County, Washington",3443,169,0,12,0,12,0,12,0,12,0,12,0,12,0,12,0,12,4,10,3,6,9,15,1,3,11,17,0,12,16,18,352,124,33,24,211,76,435,121,297,70,1243,164,455,105,210,71,163,70
1400000US53033021600,53033021600,"Census Tract 216, King County, Washington",3667,214,12,19,8,13,0,12,0,12,0,12,0,12,0,12,8,12,1,3,16,23,0,12,1,3,17,26,54,58,50,43,445,115,55,36,228,89,645,127,283,90,1257,159,411,143,84,48,92,53
1400000US53033021700,53033021700,"Census Tract 217, King County, Washington",5831,305,27,31,0,17,0,17,0,17,0,17,0,17,5,11,0,17,104,84,2,4,0,17,100,86,96,59,36,40,213,95,791,211,108,61,420,140,713,148,509,140,1831,262,618,150,132,84,126,71
1400000US53033021802,53033021802,"Census Tract 218.02, King County, Washington",3622,268,76,41,0,17,0,17,0,17,0,17,0,17,0,17,0,17,0,17,0,17,0,17,20,31,0,17,92,78,33,39,416,129,14,24,209,115,584,193,290,120,1210,197,565,163,0,17,113,68
1400000US53033021803,53033021803,"Census Tract 218.03, King County, Washington",3539,267,0,12,0,12,0,12,0,12,0,12,0,12,0,12,17,26,34,42,0,12,0,12,0,12,8,19,22,31,26,40,456,125,34,33,324,92,675,124,428,117,969,170,382,99,60,40,104,63
1400000US53033021804,53033021804,"Census Tract 218.04, King County, Washington",3186,197,38,43,0,12,0,12,0,12,0,12,0,12,0,12,0,12,42,56,0,12,2,5,9,15,24,23,18,21,141,79,435,139,89,53,155,63,547,140,247,84,1065,171,254,90,56,41,64,50
1400000US53033021903,53033021903,"Census Tract 219.03, King County, Washington",4177,329,53,64,0,17,0,17,0,17,0,17,0,17,0,17,0,17,0,17,0,17,0,17,0,17,10,20,24,38,62,45,506,158,99,114,294,115,531,170,423,139,1386,252,652,193,77,54,60,57
1400000US53033021904,53033021904,"Census Tract 219.04, King County, Washington",3458,160,115,67,0,17,0,17,0,17,0,17,6,10,0,17,0,17,51,48,10,17,0,17,0,17,18,21,32,34,68,50,507,170,102,61,209,80,415,129,380,96,988,130,451,124,24,21,82,36
1400000US53033021905,53033021905,"Census Tract 219.05, King County, Washington",4170,292,45,52,0,17,0,17,0,17,8,36,0,17,7,22,0,17,44,68,11,19,41,64,0,17,0,17,40,47,82,98,564,180,80,70,221,114,568,181,337,140,1701,246,323,125,33,38,65,53
1400000US53033021906,53033021906,"Census Tract 219.06, King County, Washington",2704,216,28,32,0,12,0,12,0,12,0,12,0,12,0,12,0,12,0,12,0,12,0,12,0,12,17,23,35,54,21,24,357,131,77,39,86,42,439,124,309,119,913,181,327,89,47,30,48,39
1400000US53033022001,53033022001,"Census Tract 220.01, King County, Washington",3764,260,27,36,0,17,0,17,0,17,28,37,0,17,0,17,0,17,0,17,0,17,2,9,19,25,9,27,17,29,32,37,566,177,17,27,263,104,586,165,305,134,1226,228,486,150,63,57,118,87
1400000US53033022003,53033022003,"Census Tract 220.03, King County, Washington",3660,230,32,29,0,12,0,12,0,12,0,12,0,12,0,12,0,12,0,12,0,12,7,11,16,21,22,26,30,29,49,40,594,185,102,61,252,72,555,141,334,118,1116,187,470,155,48,37,33,31
1400000US53033022005,53033022005,"Census Tract 220.05, King County, Washington",3778,331,0,12,0,12,0,12,0,12,47,66,0,12,0,12,0,12,0,12,45,64,19,30,0,12,0,12,37,62,0,12,328,141,30,37,223,104,477,154,444,173,1395,240,545,193,98,84,90,87
1400000US53033022006,53033022006,"Census Tract 220.06, King County, Washington",2943,197,79,59,0,12,6,12,0,12,0,12,0,12,0,12,0,12,33,50,9,15,38,59,9,16,0,12,0,12,11,17,428,142,33,33,187,68,462,126,246,76,957,154,317,94,101,49,27,31
1400000US53033022101,53033022101,"Census Tract 221.01, King County, Washington",3414,203,0,12,0,12,0,12,0,12,0,12,0,12,0,12,5,8,0,12,0,12,0,12,1,3,0,12,10,16,11,15,463,123,86,54,80,44,447,107,244,82,1117,147,685,129,145,65,120,52
1400000US53033022102,53033022102,"Census Tract 221.02, King County, Washington",4213,207,21,34,0,17,0,17,0,17,0,17,0,17,0,17,0,17,0,17,0,17,0,17,35,42,24,28,3,9,74,62,289,119,52,39,238,100,527,142,329,136,1709,233,576,163,136,88,200,100
1400000US53033022201,53033022201,"Census Tract 222.01, King County, Washington",3150,171,21,21,0,12,0,12,0,12,0,12,0,12,0,12,0,12,0,12,0,12,0,12,20,31,0,12,25,27,61,44,503,125,59,32,213,80,564,129,298,131,991,150,327,82,48,33,20,22
1400000US53033022202,53033022202,"Census Tract 222.02, King County, Washington",5557,334,36,40,0,17,0,17,0,17,0,17,0,17,16,26,0,17,0,17,52,46,0,17,0,17,0,17,55,53,91,72,565,175,50,45,394,161,895,230,453,167,2045,247,737,181,45,34,123,89
1400000US53033022203,53033022203,"Census Tract 222.03, King County, Washington",3629,191,18,18,0,17,7,11,0,17,13,20,13,20,0,17,0,17,0,17,0,17,0,17,0,17,0,17,0,17,9,14,367,98,45,35,111,55,456,103,316,91,1459,190,577,99,121,50,117,59
1400000US53033022300,53033022300,"Census Tract 223, King County, Washington",1944,150,0,12,0,12,0,12,0,12,0,12,10,16,0,12,0,12,1,3,0,12,9,14,0,12,0,12,0,12,7,11,160,105,15,17,49,30,162,59,82,52,725,151,411,105,146,65,167,79
1400000US53033022400,53033022400,"Census Tract 224, King County, Washington",6369,265,0,17,0,17,0,17,0,17,0,17,0,17,0,17,0,17,1,3,0,17,48,51,1,3,45,52,35,38,15,25,404,138,0,17,292,157,493,153,290,126,3184,333,1150,272,280,118,131,63
1400000US53033022500,53033022500,"Census Tract 225, King County, Washington",6221,388,0,17,0,17,0,17,0,17,0,17,0,17,0,17,0,17,0,17,0,17,13,22,0,17,20,31,57,65,14,21,391,170,16,26,377,167,596,156,389,158,2626,335,1219,294,307,134,196,104
1400000US53033022603,53033022603,"Census Tract 226.03, King County, Washington",4226,302,57,70,0,17,0,17,0,17,0,17,0,17,0,17,0,17,70,86,0,17,1,3,28,44,3,4,50,61,43,50,412,148,87,93,138,70,924,215,334,142,1313,237,685,221,55,44,26,30
1400000US53033022604,53033022604,"Census Tract 226.04, King County, Washington",3328,168,36,31,0,12,0,12,0,12,0,12,0,12,0,12,0,12,0,12,9,13,20,21,0,12,22,25,0,12,12,19,379,99,34,31,176,90,494,111,250,94,1172,161,543,120,104,63,77,38
1400000US53033022605,53033022605,"Census Tract 226.05, King County, Washington",4351,309,134,111,0,17,0,17,0,17,0,17,0,17,0,17,61,97,0,17,71,113,16,26,83,114,0,17,96,98,44,52,475,240,98,80,254,183,413,142,344,140,1499,353,582,196,84,73,97,66
1400000US53033022606,53033022606,"Census Tract 226.06, King County, Washington",4525,332,0,17,0,17,5,14,0,17,0,17,0,17,0,17,0,17,43,69,0,17,0,17,27,35,0,17,28,34,91,113,298,103,91,78,141,64,785,209,415,152,1545,283,861,232,112,87,83,86
1400000US53033022701,53033022701,"Census Tract 227.01, King County, Washington",2114,188,15,23,0,12,0,12,0,12,0,12,0,12,0,12,0,12,0,12,0,12,0,12,8,13,0,12,0,12,0,12,82,45,0,12,87,50,317,96,123,66,819,157,420,98,157,62,86,53
1400000US53033022702,53033022702,"Census Tract 227.02, King County, Washington",2533,158,10,16,0,12,0,12,0,12,0,12,0,12,0,12,0,12,0,12,0,12,8,15,2,4,0,12,0,12,9,14,147,78,9,14,92,56,428,174,130,57,1013,167,406,104,202,85,77,58
1400000US53033022703,53033022703,"Census Tract 227.03, King County, Washington",1584,115,0,12,0,12,0,12,1,4,0,12,0,12,0,12,11,19,20,31,0,12,0,12,28,34,0,12,20,19,10,10,166,66,14,14,42,25,152,51,92,40,568,93,378,60,39,23,43,26
1400000US53033022801,53033022801,"Census Tract 228.01, King County, Washington",6270,404,44,44,0,17,17,28,0,17,0,17,0,17,0,17,15,27,0,17,0,17,0,17,42,65,0,17,12,21,62,63,280,125,91,69,202,115,415,164,243,120,2793,432,1766,297,80,54,208,103
1400000US53033022802,53033022802,"Census Tract 228.02, King County, Washington",3465,204,0,17,0,17,0,17,0,17,0,17,0,17,0,17,8,14,0,17,0,17,0,17,13,19,4,7,8,12,16,17,332,98,18,19,89,49,326,97,234,96,1332,174,929,157,66,35,90,55
1400000US53033022803,53033022803,"Census Tract 228.03, King County, Washington",3966,339,57,67,0,17,0,17,0,17,0,17,0,17,0,17,18,29,0,17,0,17,0,17,2,5,0,17,0,17,18,29,250,109,13,20,59,49,295,156,202,91,1592,415,1216,290,93,62,151,82
1400000US53033022901,53033022901,"Census Tract 229.01, King County, Washington",2225,170,28,32,0,12,0,12,4,8,16,24,0,12,0,12,13,18,0,12,28,35,4,13,52,38,29,39,16,25,0,12,185,100,53,62,98,50,159,73,171,74,784,142,405,110,103,54,77,48
1400000US53033022902,53033022902,"Census Tract 229.02, King County, Washington",4760,301,0,17,0,17,0,17,0,17,0,17,0,17,0,17,0,17,0,17,3,6,38,43,0,17,21,31,18,28,77,59,191,108,0,17,157,87,421,135,238,89,2295,300,975,215,109,70,217,114
1400000US53033023000,53033023000,"Census Tract 230, King County, Washington",3675,212,21,35,0,12,0,12,0,12,0,12,0,12,0,12,10,15,27,42,19,43,3,7,19,21,9,14,14,21,42,36,569,149,75,45,215,73,339,83,230,78,1370,154,510,102,124,56,79,48
1400000US53033023100,53033023100,"Census Tract 231, King County, Washington",2919,226,41,47,0,12,0,12,0,12,14,22,15,25,9,15,0,12,0,12,0,12,0,12,0,12,7,11,0,12,33,30,301,83,53,50,191,78,367,114,167,64,1113,156,433,117,111,76,64,51
1400000US53033023201,53033023201,"Census Tract 232.01, King County, Washington",4929,503,53,58,0,17,0,17,0,17,0,17,0,17,0,17,0,17,0,17,0,17,0,17,18,26,13,21,0,17,40,40,497,133,91,75,70,57,273,144,156,70,2128,392,1309,311,119,86,162,92
1400000US53033023202,53033023202,"Census Tract 232.02, King County, Washington",3180,257,101,66,0,12,0,12,0,12,26,35,0,12,20,32,29,47,44,53,0,12,77,62,81,76,7,12,1,3,58,54,598,143,18,21,154,70,388,129,315,113,875,161,336,87,0,12,52,37
1400000US53033023300,53033023300,"Census Tract 233, King County, Washington",4606,407,69,75,0,17,0,17,0,17,12,18,0,17,0,17,85,102,58,84,39,53,114,167,3,7,25,35,0,17,42,38,736,287,60,53,132,94,372,135,545,130,1507,220,625,177,152,145,30,37
1400000US53033023401,53033023401,"Census Tract 234.01, King County, Washington",2636,185,24,29,0,12,0,12,0,12,0,12,0,12,0,12,0,12,37,42,21,33,2,4,8,12,0,12,8,14,0,12,264,99,11,15,118,87,267,84,135,64,972,134,621,137,67,56,81,64
1400000US53033023403,53033023403,"Census Tract 234.03, King County, Washington",3037,174,50,42,0,12,3,7,0,12,0,12,0,12,0,12,0,12,0,12,0,12,13,20,0,12,34,29,0,12,50,53,251,81,44,51,173,69,398,105,209,101,1065,126,486,112,69,44,192,66
1400000US53033023404,53033023404,"Census Tract 234.04, King County, Washington",2281,140,8,13,0,12,0,12,0,12,0,12,0,12,0,12,0,12,0,12,8,13,36,44,0,12,19,31,32,51,0,12,125,56,0,12,41,32,175,75,170,75,1047,165,455,126,127,67,38,28
1400000US53033023500,53033023500,"Census Tract 235, King County, Washington",2588,164,7,12,0,12,0,12,0,12,0,12,0,12,0,12,0,12,4,10,0,12,21,26,0,12,16,18,0,12,17,24,257,105,24,24,137,62,420,124,160,62,889,148,492,126,89,44,55,42
1400000US53033023601,53033023601,"Census Tract 236.01, King County, Washington",2735,200,9,14,7,17,0,12,0,12,0,12,0,12,0,12,10,15,0,12,9,14,0,12,16,22,14,23,0,12,20,21,108,48,6,10,129,89,328,109,318,124,956,180,555,136,134,70,116,60
1400000US53033023603,53033023603,"Census Tract 236.03, King County, Washington",4439,461,57,54,0,17,0,17,0,17,0,17,0,17,0,17,0,17,0,17,52,73,10,16,19,30,136,123,44,69,38,48,562,326,84,96,56,42,534,213,333,152,1432,301,826,259,105,98,151,95
1400000US53033023604,53033023604,"Census Tract 236.04, King County, Washington",4465,404,35,46,0,17,0,17,0,17,0,17,88,106,0,17,0,17,185,191,37,59,44,26,0,17,45,68,49,45,72,71,592,217,47,44,118,71,574,230,385,179,1381,282,613,163,47,44,153,96
1400000US53033023700,53033023700,"Census Tract 237, King County, Washington",3039,193,10,17,0,12,0,12,0,12,0,12,0,12,0,12,11,17,1,5,0,12,0,12,0,12,0,12,18,19,0,12,125,58,25,27,45,35,379,133,253,92,1251,171,667,120,142,59,112,49
1400000US53033023801,53033023801,"Census Tract 238.01, King County, Washington",1845,208,57,40,0,12,0,12,0,12,0,12,0,12,0,12,0,12,0,12,0,12,0,12,0,12,0,12,0,12,9,13,112,55,16,19,70,49,154,71,173,87,574,139,419,108,153,66,108,48
1400000US53033023803,53033023803,"Census Tract 238.03, King County, Washington",4064,501,19,28,0,12,0,12,0,12,0,12,0,12,0,12,0,12,0,12,0,12,0,12,0,12,0,12,0,12,74,94,113,62,24,32,35,35,425,204,148,78,1835,298,1012,297,204,91,175,112
1400000US53033023804,53033023804,"Census Tract 238.04, King County, Washington",5423,439,17,28,0,17,0,17,0,17,0,17,0,17,0,17,0,17,39,43,0,17,0,17,1,2,0,17,0,17,55,45,222,114,1,2,93,67,423,185,417,161,2139,356,1596,356,169,109,251,133
1400000US53033023900,53033023900,"Census Tract 239, King County, Washington",5171,462,24,35,0,17,0,17,0,17,0,17,14,22,0,17,0,17,84,112,0,17,0,17,0,17,0,17,0,17,57,46,304,123,29,40,271,227,551,174,230,117,2328,258,931,176,272,116,76,44
1400000US53033024000,53033024000,"Census Tract 240, King County, Washington",5625,345,24,31,0,17,0,17,0,17,0,17,14,25,0,17,0,17,0,17,0,17,0,17,0,17,24,39,0,17,0,17,362,144,62,100,129,78,503,183,271,115,2304,309,1408,261,307,125,217,95
1400000US53033024100,53033024100,"Census Tract 241, King County, Washington",3240,119,7,10,0,12,0,12,2,4,0,12,0,12,0,12,0,12,0,12,0,12,8,11,2,3,3,5,11,11,15,11,133,30,27,30,83,38,230,45,201,53,1415,104,671,70,323,55,109,37
1400000US53033024200,53033024200,"Census Tract 242, King County, Washington",2080,104,0,12,0,12,0,12,0,12,0,12,0,12,0,12,0,12,0,12,7,11,6,9,0,12,0,12,0,12,0,12,109,41,7,9,48,24,113,39,79,30,922,110,485,94,220,65,84,38
1400000US53033024300,53033024300,"Census Tract 243, King County, Washington",6303,275,20,31,0,17,0,17,0,17,0,17,0,17,0,17,0,17,21,33,0,17,14,15,23,30,13,23,49,77,34,40,467,169,6,14,167,100,526,169,231,102,2609,302,1276,265,623,200,224,114
1400000US53033024400,53033024400,"Census Tract 244, King County, Washington",2014,145,0,12,0,12,0,12,0,12,0,12,0,12,8,13,0,12,0,12,0,12,0,12,0,12,0,12,23,29,0,12,114,69,18,19,63,36,244,97,166,91,791,142,326,118,206,98,55,37
1400000US53033024500,53033024500,"Census Tract 245, King County, Washington",3448,171,20,23,0,17,0,17,0,17,0,17,0,17,0,17,0,17,33,47,0,17,0,17,0,17,19,22,0,17,13,18,109,56,0,17,36,32,214,69,194,72,1472,187,818,146,330,94,190,77
1400000US53033024601,53033024601,"Census Tract 246.01, King County, Washington",3283,133,0,12,0,12,0,12,0,12,0,12,0,12,0,12,0,12,0,12,0,12,0,12,0,12,0,12,0,12,0,12,108,63,12,18,115,78,195,63,153,85,1413,153,749,139,443,113,95,53
1400000US53033024602,53033024602,"Census Tract 246.02, King County, Washington",2473,132,0,12,0,12,0,12,0,12,0,12,0,12,0,12,0,12,0,12,0,12,0,12,0,12,0,12,0,12,0,12,118,60,0,12,48,40,148,66,82,44,986,154,670,112,266,89,155,63
1400000US53033024701,53033024701,"Census Tract 247.01, King County, Washington",2608,201,39,53,14,23,0,12,0,12,0,12,0,12,0,12,0,12,0,12,0,12,0,12,15,23,36,57,9,14,0,12,389,123,38,55,89,70,365,129,278,92,735,142,395,111,88,50,118,80
1400000US53033024702,53033024702,"Census Tract 247.02, King County, Washington",5675,319,50,53,0,17,0,17,0,17,0,17,0,17,0,17,0,17,0,17,27,30,0,17,19,31,32,51,11,18,62,54,755,224,126,80,324,105,637,180,372,119,1730,255,971,219,250,138,309,130
1400000US53033024800,53033024800,"Census Tract 248, King County, Washington",4103,342,124,110,0,17,0,17,0,17,0,17,0,17,0,17,0,17,0,17,13,22,126,141,31,34,24,26,18,32,76,89,660,236,44,63,232,105,483,170,490,139,1318,237,361,130,54,50,49,38
1400000US53033024901,53033024901,"Census Tract 249.01, King County, Washington",3686,173,7,10,0,17,0,17,0,17,9,13,0,17,0,17,0,17,1,2,0,17,0,17,10,17,0,17,10,16,18,20,352,140,51,52,125,60,309,108,231,80,1305,156,831,136,180,61,247,75
1400000US53033024902,53033024902,"Census Tract 249.02, King County, Washington",2740,170,0,12,6,8,0,12,0,12,0,12,0,12,0,12,0,12,0,12,14,32,0,12,0,12,0,12,0,12,0,12,210,81,0,12,96,53,412,106,221,89,1087,182,434,115,164,72,96,56
1400000US53033024903,53033024903,"Census Tract 249.03, King County, Washington",4758,252,80,86,0,17,0,17,0,17,0,17,14,25,0,17,0,17,21,32,0,17,0,17,0,17,12,19,0,17,15,25,315,142,65,61,107,67,506,145,207,108,1759,249,1021,186,377,125,259,104
1400000US53033025001,53033025001,"Census Tract 250.01, King County, Washington",3661,245,8,13,0,12,0,12,0,12,0,12,0,12,12,18,0,12,0,12,0,12,0,12,0,12,23,28,10,16,25,24,433,154,36,39,167,77,476,121,348,94,1476,172,455,105,94,46,98,56
1400000US53033025003,53033025003,"Census Tract 250.03, King County, Washington",4805,291,53,63,0,17,0,17,0,17,0,17,0,17,0,17,0,17,0,17,0,17,0,17,0,17,0,17,3,6,63,78,388,152,58,70,99,58,564,172,413,128,1642,263,909,263,413,149,200,78
1400000US53033025005,53033025005,"Census Tract 250.05, King County, Washington",3452,253,0,12,0,12,0,12,0,12,0,12,0,12,0,12,0,12,0,12,0,12,0,12,9,14,0,12,12,19,15,16,295,136,24,38,113,53,315,104,267,97,1277,172,783,136,189,57,153,73
1400000US53033025006,53033025006,"Census Tract 250.06, King County, Washington",4034,231,0,17,0,17,0,17,0,17,0,17,0,17,5,11,0,17,0,17,0,17,0,17,0,17,0,17,0,17,43,44,355,195,55,53,37,34,406,138,167,110,1432,259,1006,205,345,121,183,108
1400000US53033025101,53033025101,"Census Tract 251.01, King County, Washington",4195,343,0,17,15,24,0,17,0,17,0,17,0,17,0,17,0,17,27,43,41,64,82,93,15,23,0,17,75,76,78,56,662,194,150,110,348,143,538,160,370,159,1245,274,449,146,72,50,28,32
1400000US53033025102,53033025102,"Census Tract 251.02, King County, Washington",5016,336,81,57,0,17,0,17,0,17,0,17,0,17,56,54,0,17,15,25,15,23,32,37,32,34,104,76,69,56,38,37,765,248,136,72,313,120,632,201,284,101,1613,316,551,184,159,93,121,83
1400000US53033025200,53033025200,"Census Tract 252, King County, Washington",6007,427,55,53,0,17,0,17,0,17,0,17,18,27,19,28,0,17,81,95,18,27,150,130,44,48,94,101,18,28,109,63,911,222,270,116,451,126,894,216,445,132,1792,268,333,100,185,100,120,87
1400000US53033025301,53033025301,"Census Tract 253.01, King County, Washington",4750,484,86,94,0,17,0,17,0,17,0,17,0,17,43,68,0,17,0,17,0,17,72,77,0,17,0,17,0,17,203,175,793,325,58,53,309,153,701,179,506,179,1353,301,566,172,60,55,0,17
1400000US53033025302,53033025302,"Census Tract 253.02, King County, Washington",3734,293,36,57,0,17,0,17,0,17,0,17,0,17,8,16,0,17,1,2,0,17,9,17,31,35,21,28,9,17,98,76,822,246,153,95,414,160,683,188,248,102,743,212,342,124,52,41,64,56
1400000US53033025400,53033025400,"Census Tract 254, King County, Washington",5208,398,126,112,0,17,0,17,50,79,0,17,42,66,45,51,0,17,226,157,0,17,54,47,52,44,89,86,122,74,133,103,966,227,179,98,499,170,834,202,522,186,995,348,272,124,2,5,0,17
1400000US53033025500,53033025500,"Census Tract 255, King County, Washington",3606,255,69,71,0,17,0,17,0,17,0,17,0,17,41,59,0,17,37,38,0,17,33,55,39,43,127,153,104,90,95,55,1049,228,220,106,150,60,357,99,201,67,757,180,299,107,21,23,7,11
1400000US53033025601,53033025601,"Census Tract 256.01, King County, Washington",3760,215,61,47,0,17,0,17,0,17,21,39,0,17,0,17,14,22,7,12,15,25,24,25,81,93,91,80,45,50,145,71,834,201,126,66,164,70,577,162,379,106,819,159,261,84,96,63,0,17
1400000US53033025602,53033025602,"Census Tract 256.02, King County, Washington",4089,253,77,58,0,17,0,17,0,17,0,17,0,17,0,17,3,23,50,59,0,17,19,32,30,47,9,13,20,21,75,43,430,108,138,75,173,66,724,186,456,162,1354,223,414,127,67,52,50,36
1400000US53033025701,53033025701,"Census Tract 257.01, King County, Washington",4081,353,21,27,0,17,0,17,0,17,0,17,0,17,13,21,7,12,32,45,0,17,0,17,43,62,4,13,0,17,43,51,805,258,157,80,309,123,840,293,541,174,883,218,307,186,46,40,30,36
1400000US53033025702,53033025702,"Census Tract 257.02, King County, Washington",2510,153,35,37,0,12,0,12,0,12,0,12,0,12,0,12,0,12,12,19,9,14,0,12,32,34,12,15,22,21,15,20,514,108,68,53,137,58,442,123,357,95,591,144,220,86,31,28,13,16
1400000US53033025803,53033025803,"Census Tract 258.03, King County, Washington",3159,246,80,64,0,12,0,12,0,12,0,12,0,12,6,11,26,41,17,26,9,14,80,34,65,58,73,54,86,71,128,55,879,207,75,38,157,69,531,138,243,87,596,148,76,36,7,11,25,29
1400000US53033025804,53033025804,"Census Tract 258.04, King County, Washington",2611,322,19,22,0,12,0,12,0,12,0,12,28,46,0,12,0,12,0,12,0,12,92,96,14,17,28,25,37,37,60,49,659,168,110,62,163,58,333,96,236,85,678,228,141,58,13,15,0,12
1400000US53033025805,53033025805,"Census Tract 258.05, King County, Washington",3469,259,25,30,0,12,0,12,0,12,0,12,0,12,0,12,34,57,29,35,0,12,7,11,85,83,54,69,28,30,30,37,791,197,104,51,223,101,740,184,458,143,681,137,170,75,10,15,0,12
1400000US53033025806,53033025806,"Census Tract 258.06, King County, Washington",3504,267,60,59,0,12,0,12,0,12,0,12,0,12,0,12,55,53,0,12,0,12,13,15,11,15,25,25,13,13,41,30,645,145,128,89,241,95,482,116,378,121,862,242,525,130,9,14,16,18
1400000US53033026001,53033026001,"Census Tract 260.01, King County, Washington",4361,306,73,61,0,17,0,17,0,17,9,20,9,13,12,18,61,60,0,17,31,44,40,46,87,68,64,64,105,61,177,104,747,209,228,112,158,78,752,185,355,91,881,216,338,109,203,172,31,29
1400000US53033026002,53033026002,"Census Tract 260.02, King County, Washington",5388,411,125,64,0,17,0,17,0,17,0,17,0,17,81,93,55,63,56,70,62,65,32,32,104,96,11,20,50,50,216,121,1051,254,166,99,454,170,846,301,631,183,992,219,372,127,47,53,37,33
1400000US53033026100,53033026100,"Census Tract 261, King County, Washington",4966,422,197,153,0,17,0,17,0,17,0,17,38,58,19,31,134,145,39,52,20,33,53,87,112,121,238,146,111,103,52,61,1627,374,144,84,253,160,700,225,496,192,463,161,153,107,54,65,63,78
1400000US53033026200,53033026200,"Census Tract 262, King County, Washington",3669,309,48,57,0,17,0,17,0,17,0,17,0,17,0,17,0,17,26,31,0,17,14,25,78,80,180,129,0,17,98,79,803,178,109,107,186,138,654,181,428,152,773,206,257,89,15,25,0,17
1400000US53033026300,53033026300,"Census Tract 263, King County, Washington",1061,98,47,33,0,12,0,12,0,12,0,12,0,12,0,12,0,12,0,12,0,12,8,13,0,12,33,22,18,20,34,27,355,64,29,29,144,54,188,71,71,35,113,45,12,11,4,8,5,7
1400000US53033026400,53033026400,"Census Tract 264, King County, Washington",3898,458,62,57,0,17,0,17,0,17,0,17,0,17,42,67,0,17,185,132,38,61,59,60,110,118,70,56,170,111,179,117,1142,300,178,90,170,138,597,206,279,144,344,129,239,100,19,38,15,25
1400000US53033026500,53033026500,"Census Tract 265, King County, Washington",2857,255,129,70,0,12,5,8,22,34,0,12,38,48,7,11,0,12,42,34,53,54,41,40,88,67,63,43,68,37,143,90,765,199,157,84,238,102,435,123,196,106,275,105,86,53,6,11,0,12
1400000US53033026600,53033026600,"Census Tract 266, King County, Washington",1857,167,83,57,0,12,0,12,0,12,0,12,7,10,0,12,17,20,40,38,58,86,5,7,18,26,33,28,27,29,54,40,296,113,44,26,150,48,362,87,175,52,309,73,142,50,19,22,18,20
1400000US53033026700,53033026700,"Census Tract 267, King County, Washington",3629,274,14,23,0,17,0,17,0,17,0,17,0,17,0,17,41,38,12,19,55,72,59,70,149,192,11,19,24,29,88,68,475,216,191,118,291,136,484,156,371,124,840,218,331,130,150,82,43,49
1400000US53033026801,53033026801,"Census Tract 268.01, King County, Washington",4004,472,274,174,0,17,0,17,0,17,0,17,27,46,0,17,84,109,164,105,13,21,0,17,26,42,55,45,123,105,257,148,1056,275,184,104,436,186,421,214,224,130,506,222,154,94,0,17,0,17
1400000US53033026802,53033026802,"Census Tract 268.02, King County, Washington",3165,263,116,73,0,17,0,17,0,17,13,20,28,35,40,40,40,43,36,41,0,17,84,57,71,58,37,47,78,46,141,77,863,211,106,59,231,107,429,127,386,128,328,117,95,53,43,43,0,17
1400000US53033027000,53033027000,"Census Tract 270, King County, Washington",2407,265,82,63,0,12,0,12,0,12,24,35,16,25,0,12,19,31,34,32,0,12,33,41,34,45,80,57,130,68,35,24,551,145,62,59,238,89,460,130,115,61,383,139,84,45,27,37,0,12
1400000US53033027100,53033027100,"Census Tract 271, King County, Washington",2113,269,90,56,0,12,0,12,0,12,0,12,0,12,7,14,2,4,19,20,2,4,8,14,114,84,117,146,94,50,62,56,428,132,123,82,189,121,362,129,141,115,278,112,77,60,0,12,0,12
1400000US53033027200,53033027200,"Census Tract 272, King County, Washington",1800,184,114,78,0,12,0,12,0,12,15,23,0,12,28,31,0,12,64,47,4,12,35,29,32,33,35,35,33,28,66,41,359,79,70,39,80,44,312,91,128,52,311,89,79,42,20,25,15,20
1400000US53033027300,53033027300,"Census Tract 273, King County, Washington",4018,259,436,152,0,17,0,17,0,17,11,17,18,21,68,55,41,41,107,70,9,14,79,70,106,65,34,36,175,80,26,29,1049,222,139,71,254,89,533,151,203,79,492,147,136,66,98,76,4,6
1400000US53033027400,53033027400,"Census Tract 274, King County, Washington",3379,281,168,115,0,17,0,17,0,17,0,17,8,14,0,17,9,15,21,25,50,53,32,38,36,43,89,59,82,66,83,52,872,194,232,111,343,112,358,105,359,149,468,120,144,45,15,21,10,14
1400000US53033027500,53033027500,"Census Tract 275, King County, Washington",3472,207,76,85,0,12,10,15,0,12,37,52,0,12,37,45,26,41,28,44,55,57,9,14,155,92,33,32,119,71,162,91,910,210,137,67,281,106,476,119,199,81,544,135,66,38,102,73,10,15
1400000US53033027600,53033027600,"Census Tract 276, King County, Washington",2985,253,33,41,0,12,0,12,0,12,32,38,0,12,23,37,8,12,133,78,9,13,0,12,96,71,13,18,90,61,31,37,432,148,112,76,183,81,485,141,268,114,704,115,229,77,73,58,31,30
1400000US53033027701,53033027701,"Census Tract 277.01, King County, Washington",3966,356,0,17,0,17,0,17,0,17,0,17,0,17,10,19,1,2,25,45,0,17,14,23,2,5,33,37,29,44,174,161,497,202,50,48,158,80,543,165,288,137,1062,240,699,237,199,86,182,100
1400000US53033027702,53033027702,"Census Tract 277.02, King County, Washington",3783,335,16,23,0,12,0,12,0,12,0,12,0,12,0,12,0,12,0,12,0,12,40,65,16,24,18,33,0,12,1,4,645,286,65,55,263,185,434,148,250,116,1099,226,648,190,183,100,105,64
1400000US53033027800,53033027800,"Census Tract 278, King County, Washington",2616,133,19,20,0,12,0,12,0,12,0,12,0,12,0,12,0,12,1,2,0,12,0,12,9,16,18,19,24,36,30,35,294,88,68,43,93,49,388,113,227,80,851,146,461,103,61,36,72,48
1400000US53033027900,53033027900,"Census Tract 279, King County, Washington",5378,402,36,40,0,17,0,17,0,17,0,17,57,91,0,17,0,17,20,33,0,17,0,17,115,96,64,63,104,97,110,77,996,254,272,133,339,118,1205,273,596,184,1090,253,250,136,44,43,80,91
1400000US53033028000,53033028000,"Census Tract 280, King County, Washington",2610,236,17,20,1,4,0,12,47,50,29,43,0,12,57,46,17,27,309,148,27,36,35,38,98,64,44,33,67,55,96,57,703,178,70,47,138,66,398,126,186,90,246,84,25,24,0,12,0,12
1400000US53033028100,53033028100,"Census Tract 281, King County, Washington",1671,151,183,86,0,12,0,12,0,12,0,12,31,28,11,12,0,12,26,27,23,35,0,12,71,52,22,21,25,29,13,15,429,108,106,41,166,66,240,79,106,56,176,66,38,33,0,12,5,8
1400000US53033028200,53033028200,"Census Tract 282, King County, Washington",3197,243,97,79,0,17,0,17,0,17,0,17,69,69,31,46,0,17,55,59,15,25,70,64,151,82,14,24,74,48,68,56,747,235,105,67,144,56,691,155,239,104,447,145,161,75,10,18,9,14
1400000US53033028300,53033028300,"Census Tract 283, King County, Washington",3634,301,102,72,0,17,0,17,8,22,4,8,6,10,0,17,13,20,16,23,18,24,12,17,53,61,16,23,21,25,68,59,589,139,113,60,183,61,724,245,513,148,890,208,227,84,11,16,47,42
1400000US53033028402,53033028402,"Census Tract 284.02, King County, Washington",3384,317,143,127,0,17,0,17,0,17,0,17,0,17,0,17,0,17,106,75,38,52,8,13,60,56,17,20,39,28,66,42,966,305,140,66,195,80,660,170,322,95,482,171,135,67,7,11,0,17
1400000US53033028403,53033028403,"Census Tract 284.03, King County, Washington",3963,354,54,68,0,17,0,17,0,17,20,33,0,17,133,133,0,17,0,17,8,28,0,17,122,94,186,128,87,97,90,76,1493,293,22,29,330,149,702,252,196,136,416,185,93,62,11,30,0,17
1400000US53033028500,53033028500,"Census Tract 285, King County, Washington",2649,213,82,59,0,12,0,12,0,12,0,12,0,12,0,12,0,12,0,12,8,15,0,12,0,12,49,56,79,69,60,41,633,156,153,68,259,97,491,111,230,90,426,119,174,62,0,12,5,8
1400000US53033028600,53033028600,"Census Tract 286, King County, Washington",4839,226,0,17,0,17,0,17,0,17,0,17,0,17,0,17,0,17,0,17,0,17,53,63,67,74,15,25,0,17,49,43,580,165,113,87,265,133,856,202,392,153,1575,214,587,159,192,98,95,60
1400000US53033028700,53033028700,"Census Tract 287, King County, Washington",3549,282,75,59,0,17,0,17,0,17,0,17,3,7,0,17,0,17,12,14,18,43,51,42,25,23,12,20,59,39,92,54,602,128,163,75,287,86,654,152,526,105,655,147,251,93,64,52,0,17
1400000US53033028801,53033028801,"Census Tract 288.01, King County, Washington",2306,259,42,39,0,12,0,12,0,12,13,20,16,32,0,12,0,12,35,34,21,32,26,22,47,34,36,36,68,61,23,27,510,136,174,71,172,98,478,133,198,83,289,78,94,47,47,38,17,23
1400000US53033028802,53033028802,"Census Tract 288.02, King County, Washington",4346,348,157,100,0,17,0,17,0,17,0,17,0,17,16,25,0,17,97,68,27,45,100,80,142,120,86,65,58,58,92,48,1028,260,118,79,317,118,612,215,425,130,727,191,318,147,26,35,0,17
1400000US53033028901,53033028901,"Census Tract 289.01, King County, Washington",2595,181,51,53,0,12,0,12,0,12,0,12,0,12,14,24,0,12,0,12,0,12,0,12,1,3,34,28,63,43,31,29,428,116,28,27,279,108,605,144,263,136,574,170,157,66,20,21,47,49
1400000US53033028902,53033028902,"Census Tract 289.02, King County, Washington",4884,582,232,198,0,17,0,17,67,90,119,111,0,17,0,17,0,17,147,164,43,67,46,43,205,186,27,35,58,52,221,127,1134,324,220,128,418,188,767,207,472,233,516,135,156,136,36,43,0,17
1400000US53033029001,53033029001,"Census Tract 290.01, King County, Washington",3508,259,84,69,0,12,0,12,0,12,0,12,41,47,0,12,0,12,14,19,0,12,68,61,42,44,84,71,20,25,48,31,768,154,108,68,277,98,662,162,331,113,643,166,234,87,46,33,38,28
1400000US53033029003,53033029003,"Census Tract 290.03, King County, Washington",3922,395,35,37,0,17,0,17,14,24,11,18,24,39,12,19,0,17,92,99,0,17,42,41,323,234,78,90,51,52,212,124,803,215,105,65,379,151,752,250,364,140,532,177,93,73,0,17,0,17
1400000US53033029004,53033029004,"Census Tract 290.04, King County, Washington",1920,194,120,88,0,12,0,12,0,12,4,8,32,36,0,12,0,12,84,68,35,40,55,42,175,90,21,25,108,63,68,49,420,114,26,23,130,67,258,88,194,75,136,60,31,25,23,36,0,12
1400000US53033029101,53033029101,"Census Tract 291.01, King County, Washington",2196,194,34,36,0,12,0,12,0,12,0,12,0,12,0,12,0,12,15,24,16,24,26,38,0,12,43,44,17,41,56,42,329,108,94,68,158,57,296,107,173,80,656,145,188,71,70,48,25,37
1400000US53033029102,53033029102,"Census Tract 291.02, King County, Washington",2846,255,118,72,0,12,0,12,0,12,0,12,0,12,0,12,0,12,108,85,0,12,43,58,10,23,55,79,20,27,72,56,685,208,147,126,226,78,546,156,251,121,391,130,92,56,69,72,13,15
1400000US53033029203,53033029203,"Census Tract 292.03, King County, Washington",2603,258,61,57,0,12,0,12,0,12,0,12,34,44,0,12,13,25,31,40,8,14,83,81,74,63,90,65,120,35,79,50,376,123,361,157,216,100,532,130,227,86,204,82,74,55,9,14,11,16
1400000US53033029204,53033029204,"Census Tract 292.04, King County, Washington",4442,378,27,35,0,17,0,17,0,17,0,17,0,17,0,17,0,17,98,108,15,24,24,33,0,17,134,123,61,63,76,56,1053,272,82,65,445,145,750,195,539,160,746,219,299,174,0,17,93,70
1400000US53033029205,53033029205,"Census Tract 292.05, King County, Washington",3188,362,36,52,0,12,0,12,0,12,0,12,24,46,0,12,0,12,0,12,23,20,0,12,35,59,111,77,53,43,35,60,778,264,118,76,254,127,475,140,322,144,616,165,211,90,65,51,32,34
1400000US53033029206,53033029206,"Census Tract 292.06, King County, Washington",2714,260,24,22,0,12,0,12,24,37,0,12,0,12,30,35,0,12,123,63,15,24,64,54,59,59,83,50,87,65,84,76,693,201,210,103,181,52,466,147,182,80,313,103,59,48,0,12,17,19
1400000US53033029303,53033029303,"Census Tract 293.03, King County, Washington",5424,287,44,47,0,17,0,17,0,17,0,17,0,17,0,17,0,17,23,33,8,13,0,17,62,49,105,79,20,33,178,112,927,214,318,188,286,136,806,215,594,183,1508,315,360,167,114,69,71,57
1400000US53033029304,53033029304,"Census Tract 293.04, King County, Washington",3630,224,38,57,0,17,3,3,0,17,0,17,0,17,0,17,17,24,1,2,7,12,26,29,37,37,18,28,51,40,52,35,745,157,72,43,260,80,647,205,349,102,906,173,305,131,77,66,19,23
1400000US53033029305,53033029305,"Census Tract 293.05, King County, Washington",2807,246,59,51,0,12,5,12,0,12,5,20,33,50,0,12,17,27,0,12,5,13,0,12,0,12,67,58,97,81,93,68,468,152,96,47,279,82,351,117,296,166,704,137,118,54,91,63,23,28
1400000US53033029306,53033029306,"Census Tract 293.06, King County, Washington",2417,175,34,34,0,12,0,12,0,12,8,14,0,12,8,13,0,12,21,32,42,46,15,20,0,12,30,38,64,61,7,12,604,155,53,39,167,64,373,156,301,97,521,129,129,58,26,23,14,16
1400000US53033029307,53033029307,"Census Tract 293.07, King County, Washington",2924,210,65,51,0,12,0,12,0,12,0,12,0,12,24,36,0,12,11,16,22,34,1,3,24,26,20,23,84,94,56,51,499,129,46,37,222,67,433,105,375,103,775,149,237,83,15,18,15,17
1400000US53033029403,53033029403,"Census Tract 294.03, King County, Washington",4088,277,113,85,0,17,0,17,0,17,3,6,0,17,0,17,33,44,67,64,84,72,38,40,40,48,139,95,30,27,106,72,972,213,160,71,314,104,643,190,315,78,786,143,188,79,45,36,12,18
1400000US53033029405,53033029405,"Census Tract 294.05, King County, Washington",3784,253,51,42,0,17,0,17,0,17,0,17,0,17,28,30,0,17,20,22,10,16,18,20,24,40,11,18,49,37,48,38,754,157,110,59,296,86,708,138,553,127,763,164,265,86,40,34,36,32
1400000US53033029406,53033029406,"Census Tract 294.06, King County, Washington",3522,227,71,63,0,17,13,20,0,17,0,17,29,47,0,17,17,26,32,40,0,17,60,73,28,25,10,21,33,32,76,55,694,204,107,51,261,99,512,116,381,105,835,172,303,93,35,28,25,24
1400000US53033029407,53033029407,"Census Tract 294.07, King County, Washington",2988,244,38,30,0,12,0,12,20,29,4,8,35,40,62,52,0,12,120,106,31,34,39,29,63,48,59,52,58,47,91,52,708,161,156,81,173,74,450,130,316,105,439,134,63,52,51,44,12,20
1400000US53033029408,53033029408,"Census Tract 294.08, King County, Washington",2646,211,20,22,0,12,0,12,0,12,31,48,0,12,0,12,60,63,4,9,10,18,50,77,19,27,105,87,38,43,60,34,733,180,161,67,209,72,519,112,256,90,243,80,87,61,8,12,33,25
1400000US53033029502,53033029502,"Census Tract 295.02, King County, Washington",4629,288,191,138,0,17,0,17,0,17,0,17,25,28,17,27,61,90,39,48,0,17,119,79,0,17,52,63,44,30,109,68,1053,255,86,58,350,127,551,173,645,165,848,214,276,100,139,79,24,40
1400000US53033029503,53033029503,"Census Tract 295.03, King County, Washington",4995,506,204,110,0,17,0,17,0,17,0,17,0,17,31,51,47,78,152,102,19,33,124,86,226,230,206,148,55,62,149,102,1399,362,299,135,255,128,491,115,576,227,623,208,73,47,66,71,0,17
1400000US53033029504,53033029504,"Census Tract 295.04, King County, Washington",3883,414,33,33,0,17,0,17,24,39,14,23,29,43,11,23,0,17,0,17,0,17,3,6,34,56,92,143,36,53,106,80,864,255,210,104,381,162,714,219,627,239,597,203,108,72,0,17,0,17
1400000US53033029601,53033029601,"Census Tract 296.01, King County, Washington",4037,335,208,126,14,22,9,16,0,17,36,56,0,17,29,45,8,19,10,17,0,17,96,71,135,98,61,70,101,70,28,30,922,234,124,88,287,93,774,189,475,126,578,166,133,76,0,17,9,16
1400000US53033029602,53033029602,"Census Tract 296.02, King County, Washington",3683,216,50,41,0,17,0,17,0,17,0,17,25,39,0,17,0,17,0,17,0,17,17,18,0,17,67,52,55,47,73,50,601,174,107,56,180,62,415,113,558,158,1115,181,330,83,67,48,23,26
1400000US53033029700,53033029700,"Census Tract 297, King County, Washington",5671,568,25,36,0,17,0,17,0,17,0,17,84,92,0,17,120,109,35,56,60,75,112,98,187,142,93,82,165,115,162,112,1391,344,287,140,357,127,987,258,607,201,842,240,157,71,0,17,0,17
1400000US53033029801,53033029801,"Census Tract 298.01, King County, Washington",6008,591,48,57,0,17,0,17,0,17,0,17,0,17,0,17,0,17,86,111,28,28,99,96,14,22,244,256,20,25,191,103,1206,335,197,94,494,199,1055,283,565,216,1327,283,321,127,83,56,30,35
1400000US53033029802,53033029802,"Census Tract 298.02, King County, Washington",5687,428,85,64,0,17,0,17,0,17,0,17,0,17,0,17,17,34,55,77,4,71,102,81,68,78,11,20,40,56,160,99,1197,344,347,187,494,175,851,239,867,239,1051,246,242,124,27,32,69,49
1400000US53033029901,53033029901,"Census Tract 299.01, King County, Washington",3105,221,19,23,0,12,0,12,0,12,0,12,0,12,0,12,0,12,1,3,7,13,9,37,0,12,29,36,24,25,85,51,770,154,105,70,236,77,600,194,450,113,632,149,126,57,5,8,7,11
1400000US53033029902,53033029902,"Census Tract 299.02, King County, Washington",2798,218,9,14,0,12,0,12,0,12,0,12,0,12,0,12,0,12,0,12,9,16,5,9,13,20,93,91,31,33,60,46,713,163,75,46,219,81,391,99,437,131,434,97,246,81,27,24,36,27
1400000US53033030003,53033030003,"Census Tract 300.03, King County, Washington",4680,326,148,152,0,17,0,17,44,66,0,17,29,45,16,25,36,58,121,98,0,17,13,20,35,42,24,28,61,47,132,100,780,219,341,138,411,169,807,288,412,140,782,202,306,137,129,83,53,45
1400000US53033030004,53033030004,"Census Tract 300.04, King County, Washington",5025,498,200,121,0,17,7,22,0,17,0,17,11,16,12,18,3,9,199,195,0,17,62,78,90,103,174,105,43,46,172,123,1108,377,398,185,228,118,955,269,497,165,608,223,226,119,32,47,0,17
1400000US53033030005,53033030005,"Census Tract 300.05, King County, Washington",3407,222,70,46,0,17,0,17,0,17,0,17,0,17,35,42,51,55,42,45,25,28,72,49,145,94,31,37,77,45,99,61,853,211,211,93,355,117,617,142,237,103,380,114,96,65,0,17,11,18
1400000US53033030006,53033030006,"Census Tract 300.06, King County, Washington",2716,236,87,71,0,12,0,12,0,12,0,12,0,12,20,32,0,12,177,96,0,12,36,29,131,70,19,22,142,129,59,52,862,198,102,70,164,73,341,152,201,84,264,97,95,53,0,12,16,20
1400000US53033030100,53033030100,"Census Tract 301, King County, Washington",5514,356,31,38,0,17,0,17,0,17,0,17,16,24,26,39,54,54,5,11,54,85,55,54,60,73,52,87,0,17,8,15,930,296,84,78,438,159,1011,227,421,166,1344,300,717,176,141,80,67,63
1400000US53033030201,53033030201,"Census Tract 302.01, King County, Washington",3902,290,39,64,0,17,0,17,0,17,0,17,0,17,0,17,0,17,7,13,0,17,47,56,109,73,0,17,75,57,47,38,1261,263,113,88,374,126,572,158,340,105,644,147,246,98,7,11,21,24
1400000US53033030202,53033030202,"Census Tract 302.02, King County, Washington",4281,313,25,40,0,17,0,17,0,17,0,17,0,17,0,17,0,17,49,50,28,66,0,17,23,36,133,83,42,43,64,73,1287,309,72,74,263,123,620,200,669,214,688,207,246,113,40,43,32,46
1400000US53033030304,53033030304,"Census Tract 303.04, King County, Washington",2146,143,13,18,0,12,0,12,0,12,0,12,0,12,21,30,0,12,1,4,0,12,67,54,57,33,43,40,41,37,29,21,534,122,42,32,87,50,401,120,191,81,449,114,90,43,49,66,31,25
1400000US53033030305,53033030305,"Census Tract 303.05, King County, Washington",3923,336,9,19,0,17,0,17,0,17,0,17,0,17,0,17,0,17,25,39,37,43,0,17,1,2,0,17,125,101,71,58,718,256,76,79,455,172,856,229,487,188,769,205,238,112,56,45,0,17
1400000US53033030306,53033030306,"Census Tract 303.06, King County, Washington",3914,240,1,3,0,17,0,17,0,17,0,17,0,17,0,17,0,17,0,17,0,17,0,17,37,42,9,12,36,33,98,75,652,145,110,67,327,79,936,177,522,145,840,150,218,83,92,54,36,34
1400000US53033030308,53033030308,"Census Tract 303.08, King County, Washington",4292,306,81,76,0,17,0,17,0,17,0,17,0,17,0,17,0,17,0,17,0,17,0,17,127,108,14,23,0,17,20,31,906,298,188,123,312,136,823,245,475,184,882,261,394,170,59,39,11,18
1400000US53033030309,53033030309,"Census Tract 303.09, King County, Washington",3947,323,0,17,0,17,0,17,0,17,0,17,44,60,0,17,0,17,2,7,0,17,32,40,0,17,3,6,0,17,40,51,917,331,114,105,448,197,779,255,475,189,620,210,381,151,41,50,51,53
1400000US53033030310,53033030310,"Census Tract 303.10, King County, Washington",3605,244,66,45,0,17,0,17,0,17,0,17,0,17,10,16,0,17,0,17,0,17,20,23,33,50,10,16,57,54,48,50,759,206,74,52,223,94,667,149,384,133,862,179,316,115,15,17,61,58
1400000US53033030311,53033030311,"Census Tract 303.11, King County, Washington",3314,215,41,42,0,17,0,17,12,18,0,17,12,19,19,21,0,17,81,66,0,17,69,74,114,72,32,51,50,54,65,46,663,154,138,71,269,95,593,137,402,108,601,132,131,56,14,17,8,13
1400000US53033030312,53033030312,"Census Tract 303.12, King County, Washington",3056,260,47,40,0,12,0,12,0,12,0,12,0,12,27,39,0,12,0,12,30,41,11,18,102,78,2,5,12,19,30,34,702,183,158,87,432,160,503,148,392,120,453,159,144,82,0,12,11,17
1400000US53033030313,53033030313,"Census Tract 303.13, King County, Washington",2639,278,106,69,0,12,0,12,0,12,19,32,0,12,0,12,0,12,0,12,0,12,36,38,84,89,41,39,36,41,42,38,741,194,120,74,270,112,505,188,233,94,292,128,65,55,49,63,0,12
1400000US53033030314,53033030314,"Census Tract 303.14, King County, Washington",2874,187,24,26,0,12,14,22,0,12,0,12,12,19,48,62,5,10,90,68,29,47,23,24,36,48,8,12,82,68,39,35,579,133,143,86,267,92,512,119,380,98,460,128,99,73,15,18,9,14
1400000US53033030401,53033030401,"Census Tract 304.01, King County, Washington",5802,349,89,70,0,17,0,17,0,17,0,17,0,17,0,17,0,17,0,17,0,17,177,197,0,17,97,80,72,68,163,98,912,307,353,132,460,154,1234,247,874,199,1006,260,244,111,57,49,64,61
1400000US53033030403,53033030403,"Census Tract 304.03, King County, Washington",3132,172,17,19,0,12,0,12,0,12,0,12,0,12,0,12,0,12,20,23,0,12,1,2,18,28,44,46,9,17,39,30,587,152,69,48,266,102,609,182,390,105,670,147,316,115,36,31,41,57
1400000US53033030404,53033030404,"Census Tract 304.04, King County, Washington",3282,155,8,12,0,12,0,12,0,12,0,12,0,12,12,19,0,12,32,39,8,12,0,12,12,15,10,15,1,3,27,24,974,162,150,69,261,75,546,132,424,124,636,130,152,61,19,21,10,16
1400000US53033030501,53033030501,"Census Tract 305.01, King County, Washington",1344,100,49,28,0,12,0,12,0,12,0,12,2,5,5,7,2,4,9,14,5,6,13,15,14,13,38,22,28,24,13,12,378,95,109,51,164,60,190,57,138,57,122,50,55,44,4,7,6,10
1400000US53033030503,53033030503,"Census Tract 305.03, King County, Washington",3544,365,142,97,0,17,0,17,0,17,0,17,0,17,0,17,29,46,18,28,0,17,20,34,0,17,33,35,151,98,57,57,1095,257,291,114,337,136,413,158,319,120,521,191,97,58,21,34,0,17
1400000US53033030504,53033030504,"Census Tract 305.04, King County, Washington",3099,211,40,28,0,12,0,12,0,12,0,12,0,12,0,12,27,42,10,16,69,59,28,43,80,50,91,49,98,60,119,55,897,186,123,56,334,91,496,124,255,93,331,119,88,40,13,10,0,12
1400000US53033030600,53033030600,"Census Tract 306, King County, Washington",3580,337,0,17,0,17,0,17,0,17,0,17,0,17,35,51,0,17,89,83,0,17,77,88,85,57,106,104,0,17,121,79,850,299,338,185,506,202,586,188,347,149,314,128,126,77,0,17,0,17
1400000US53033030700,53033030700,"Census Tract 307, King County, Washington",2465,206,26,26,0,12,0,12,0,12,0,12,0,12,11,17,25,27,72,51,15,17,12,16,17,23,136,74,65,55,78,63,742,160,188,85,241,92,387,103,218,89,162,77,45,47,0,12,25,27
1400000US53033030801,53033030801,"Census Tract 308.01, King County, Washington",4240,294,19,33,0,17,0,17,0,17,65,83,64,54,37,57,19,27,265,150,50,56,33,36,114,102,125,126,146,110,200,111,1288,273,389,133,324,153,586,203,278,117,170,99,24,25,5,10,39,63
1400000US53033030802,53033030802,"Census Tract 308.02, King County, Washington",2583,220,72,82,0,12,14,29,0,12,0,12,0,12,0,12,14,20,83,74,34,52,62,83,39,40,12,19,98,68,85,64,917,171,218,88,243,116,216,91,231,89,209,84,25,24,11,18,0,12
1400000US53033030901,53033030901,"Census Tract 309.01, King County, Washington",2296,205,7,11,0,12,0,12,0,12,4,6,0,12,0,12,27,37,37,31,0,12,11,13,52,33,120,62,34,28,73,34,729,128,184,83,137,55,414,100,258,82,159,49,43,54,7,11,0,12
1400000US53033030902,53033030902,"Census Tract 309.02, King County, Washington",3861,228,80,76,0,17,0,17,0,17,8,17,28,37,18,22,0,17,0,17,10,16,122,90,91,104,68,48,204,103,129,82,979,173,148,65,319,112,679,200,527,145,365,139,86,76,0,17,0,17
1400000US53033031000,53033031000,"Census Tract 310, King County, Washington",2683,166,17,18,0,12,0,12,0,12,0,12,0,12,0,12,10,18,0,12,0,12,23,26,11,18,35,53,45,36,0,12,298,107,56,45,237,94,436,155,298,106,814,160,288,74,34,28,81,71
1400000US53033031100,53033031100,"Census Tract 311, King County, Washington",4685,267,93,46,0,17,3,4,6,7,0,17,16,12,9,9,6,9,41,27,45,61,96,68,24,13,103,47,179,85,69,37,1319,178,339,100,444,123,772,172,379,93,502,105,220,103,17,10,3,5
1400000US53033031202,53033031202,"Census Tract 312.02, King County, Washington",4409,300,21,29,0,17,0,17,0,17,0,17,0,17,0,17,2,5,3,6,76,61,44,30,64,55,42,19,147,82,53,43,1375,239,281,125,345,129,750,180,156,63,775,208,184,78,76,52,15,21
1400000US53033031204,53033031204,"Census Tract 312.04, King County, Washington",4371,279,17,27,31,49,0,17,0,17,0,17,0,17,0,17,0,17,0,17,0,17,0,17,0,17,140,117,0,17,45,51,887,253,179,119,377,177,700,194,576,202,978,208,312,145,94,74,35,40
1400000US53033031205,53033031205,"Census Tract 312.05, King County, Washington",4251,320,28,31,0,17,0,17,0,17,0,17,0,17,0,17,0,17,55,62,6,20,0,17,28,35,65,50,20,32,78,72,644,199,308,128,262,121,950,190,603,225,879,313,246,118,50,44,29,35
1400000US53033031206,53033031206,"Census Tract 312.06, King County, Washington",2976,245,17,19,0,17,0,17,0,17,0,17,13,20,0,17,0,17,28,33,9,15,33,45,146,109,25,23,41,46,64,41,587,155,193,84,308,96,446,117,268,86,570,154,191,79,29,23,8,13
1400000US53033031301,53033031301,"Census Tract 313.01, King County, Washington",1949,162,7,11,6,9,0,12,0,12,0,12,0,12,0,12,0,12,8,10,7,10,18,29,71,88,38,35,75,39,66,45,635,120,117,49,148,54,239,55,167,60,219,77,104,47,24,17,0,12
1400000US53033031302,53033031302,"Census Tract 313.02, King County, Washington",2601,160,9,15,0,12,0,12,0,12,0,12,0,12,0,12,0,12,5,10,0,12,14,21,38,49,35,33,71,53,76,48,708,139,151,61,321,105,433,107,193,72,302,92,150,57,50,46,45,49
1400000US53033031400,53033031400,"Census Tract 314, King County, Washington",4037,239,9,16,0,17,0,17,0,17,65,98,0,17,0,17,0,17,48,62,88,126,191,255,13,21,17,28,38,36,41,51,1055,258,153,89,339,124,758,224,425,180,566,183,217,90,0,17,14,22
1400000US53033031501,53033031501,"Census Tract 315.01, King County, Washington",2879,279,0,12,0,12,0,12,0,12,0,12,54,85,0,12,0,12,14,22,0,12,45,63,5,7,16,16,107,81,66,61,871,175,164,87,207,108,383,124,315,135,465,155,132,53,23,36,12,18
1400000US53033031502,53033031502,"Census Tract 315.02, King County, Washington",3182,201,32,33,0,12,0,12,0,12,0,12,0,12,0,12,0,12,19,22,11,18,7,11,25,27,53,63,111,81,43,31,920,193,64,61,272,93,508,165,343,101,472,132,138,68,123,90,41,48
1400000US53033031601,53033031601,"Census Tract 316.01, King County, Washington",3832,214,36,34,0,17,0,17,0,17,0,17,0,17,0,17,0,17,0,17,0,17,77,83,11,18,40,39,57,47,44,37,662,143,96,54,353,90,715,133,399,104,998,164,298,88,38,30,8,13
1400000US53033031603,53033031603,"Census Tract 316.03, King County, Washington",3843,240,11,19,0,17,0,17,0,17,0,17,19,31,0,17,9,15,0,17,0,17,0,17,0,17,57,48,65,46,58,39,810,169,118,72,386,111,584,165,353,99,831,173,409,114,47,40,86,46
1400000US53033031604,53033031604,"Census Tract 316.04, King County, Washington",3287,175,9,14,0,17,0,17,0,17,0,17,0,17,0,17,0,17,0,17,0,17,0,17,0,17,0,17,25,25,0,17,477,113,201,116,233,86,457,132,426,100,965,169,430,122,20,22,44,37
1400000US53033031605,53033031605,"Census Tract 316.05, King County, Washington",2434,245,0,12,0,12,0,12,0,12,0,12,0,12,0,12,0,12,0,12,0,12,21,23,64,59,23,21,5,14,81,73,459,133,76,47,215,72,500,140,246,95,497,124,166,77,65,35,16,19
1400000US53033031703,53033031703,"Census Tract 317.03, King County, Washington",5141,263,14,20,0,17,0,17,0,17,28,46,0,17,0,17,16,27,0,17,0,17,23,25,50,59,88,86,85,69,125,135,928,208,52,42,390,151,841,211,806,230,966,203,470,164,199,93,60,49
1400000US53033031704,53033031704,"Census Tract 317.04, King County, Washington",3659,299,11,23,0,17,0,17,0,17,0,17,0,17,0,17,9,18,22,28,0,17,27,25,126,118,27,24,80,59,63,49,953,268,143,82,180,71,697,150,443,112,628,137,215,84,27,22,8,13
1400000US53033031705,53033031705,"Census Tract 317.05, King County, Washington",2733,210,15,17,0,12,0,12,0,12,0,12,0,12,0,12,8,14,0,12,0,12,23,28,0,12,0,12,29,31,29,31,499,124,89,66,362,121,429,107,362,122,725,154,142,65,21,22,0,12
1400000US53033031706,53033031706,"Census Tract 317.06, King County, Washington",4899,319,30,35,0,17,18,30,0,17,0,17,0,17,13,23,0,17,0,17,18,29,0,17,108,106,65,70,100,66,170,120,1142,235,243,145,303,129,719,216,641,206,915,226,349,133,47,45,18,30
1400000US53033031800,53033031800,"Census Tract 318, King County, Washington",3498,209,0,12,0,12,0,12,0,12,0,12,0,12,0,12,20,21,19,22,0,12,0,12,4,8,0,12,2,4,52,35,630,133,78,44,267,99,875,170,242,82,912,164,344,90,39,32,14,17
1400000US53033031903,53033031903,"Census Tract 319.03, King County, Washington",4577,265,16,31,0,17,0,17,0,17,12,24,4,6,34,44,0,17,46,67,0,17,0,17,13,23,32,37,38,42,31,36,1043,257,70,53,612,150,649,156,325,109,1127,232,311,121,89,58,125,93
1400000US53033031904,53033031904,"Census Tract 319.04, King County, Washington",2462,153,0,12,0,12,0,12,0,12,0,12,0,12,0,12,0,12,22,34,0,12,11,14,0,12,9,14,28,29,44,34,609,150,83,51,203,82,366,86,273,119,566,118,210,90,32,25,6,9
1400000US53033031906,53033031906,"Census Tract 319.06, King County, Washington",2742,170,42,51,0,12,0,12,0,12,0,12,2,4,0,12,0,12,46,49,10,16,35,52,0,12,0,12,20,23,23,24,387,124,72,49,171,58,299,83,307,98,1003,166,281,115,28,28,16,24
1400000US53033031907,53033031907,"Census Tract 319.07, King County, Washington",5341,393,115,95,0,17,1,2,0,17,0,17,1,2,0,17,0,17,58,63,0,17,71,88,33,53,67,70,13,23,22,35,560,203,88,84,300,122,792,215,496,184,1767,270,734,187,167,95,56,56
1400000US53033031908,53033031908,"Census Tract 319.08, King County, Washington",3221,289,54,57,1,4,0,12,0,12,0,12,0,12,0,12,2,4,1,3,0,12,36,56,11,16,29,28,65,61,59,53,672,175,94,60,170,100,522,143,382,180,784,216,255,83,68,60,16,25
1400000US53033031909,53033031909,"Census Tract 319.09, King County, Washington",2234,112,15,23,0,12,0,12,0,12,0,12,0,12,0,12,0,12,0,12,1,4,0,12,8,12,1,2,7,11,21,24,252,65,26,26,147,71,400,105,244,78,694,133,359,107,35,31,24,27
1400000US53033032002,53033032002,"Census Tract 320.02, King County, Washington",2505,146,0,12,0,12,0,12,0,12,0,12,0,12,0,12,0,12,0,12,0,12,0,12,0,12,13,21,22,33,20,23,684,164,88,48,279,108,497,119,200,77,560,120,117,67,25,29,0,12
1400000US53033032003,53033032003,"Census Tract 320.03, King County, Washington",3587,196,0,17,0,17,0,17,0,17,0,17,0,17,0,17,0,17,0,17,0,17,12,18,23,21,49,34,33,31,93,68,859,204,63,44,278,88,575,143,399,136,793,140,350,112,60,34,0,17
1400000US53033032005,53033032005,"Census Tract 320.05, King County, Washington",4674,353,0,17,0,17,0,17,0,17,0,17,0,17,0,17,0,17,0,17,0,17,0,17,49,46,91,87,116,116,60,64,1240,290,162,91,545,157,775,271,417,151,860,225,265,115,80,57,14,24
1400000US53033032006,53033032006,"Census Tract 320.06, King County, Washington",3584,199,52,77,0,12,0,12,0,12,0,12,0,12,0,12,0,12,0,12,0,12,11,16,26,41,30,27,59,42,103,60,737,129,104,55,338,100,598,163,308,92,834,142,294,79,90,76,0,12
1400000US53033032007,53033032007,"Census Tract 320.07, King County, Washington",2640,205,26,40,0,12,0,12,0,12,0,12,0,12,0,12,0,12,0,12,0,12,0,12,0,12,21,25,0,12,0,12,570,196,86,59,269,93,484,152,294,94,623,166,241,95,11,17,15,19
1400000US53033032008,53033032008,"Census Tract 320.08, King County, Washington",3054,187,0,12,0,12,0,12,0,12,0,12,0,12,0,12,9,17,0,12,0,12,0,12,0,12,11,16,45,62,27,23,656,130,61,44,226,74,757,183,342,110,717,145,173,54,8,13,22,24
1400000US53033032010,53033032010,"Census Tract 320.10, King County, Washington",3743,219,0,17,0,17,0,17,0,17,0,17,0,17,0,17,0,17,22,32,0,17,0,17,8,13,0,17,18,28,50,48,556,172,12,19,377,132,688,182,291,100,1284,186,420,118,17,27,0,17
1400000US53033032011,53033032011,"Census Tract 320.11, King County, Washington",2753,149,0,12,0,12,0,12,0,12,0,12,0,12,12,20,0,12,0,12,0,12,15,13,0,12,0,12,0,12,55,40,432,113,52,39,235,82,586,131,251,88,724,162,309,91,33,29,49,41
1400000US53033032102,53033032102,"Census Tract 321.02, King County, Washington",3644,193,0,17,0,17,0,17,0,17,0,17,31,49,0,17,0,17,0,17,0,17,0,17,19,24,0,17,14,17,67,45,561,110,91,67,159,81,569,136,288,90,1205,141,500,97,63,35,77,50
1400000US53033032103,53033032103,"Census Tract 321.03, King County, Washington",3309,248,23,37,0,12,0,12,0,12,0,12,0,12,0,12,0,12,0,12,0,12,0,12,9,14,11,18,24,33,15,24,445,169,49,60,238,94,693,236,229,117,1025,193,446,141,82,57,20,25
1400000US53033032104,53033032104,"Census Tract 321.04, King County, Washington",4599,377,89,110,0,17,0,17,0,17,0,17,0,17,0,17,49,75,251,298,5,10,0,17,0,17,8,10,38,40,58,50,649,229,54,87,202,93,885,239,163,85,1408,263,574,174,112,86,54,44
1400000US53033032203,53033032203,"Census Tract 322.03, King County, Washington",4978,257,3,6,0,17,0,17,0,17,0,17,0,17,0,17,0,17,0,17,0,17,16,24,0,17,5,11,35,40,0,17,157,98,15,23,136,72,603,161,605,173,2072,236,1057,217,156,78,118,83
1400000US53033032207,53033032207,"Census Tract 322.07, King County, Washington",2406,201,0,12,0,12,0,12,0,12,0,12,0,12,0,12,0,12,0,12,0,12,0,12,0,12,0,12,18,20,24,29,118,54,0,12,73,48,256,123,164,72,1091,152,432,111,139,67,91,54
1400000US53033032208,53033032208,"Census Tract 322.08, King County, Washington",6990,392,17,27,19,29,0,17,0,17,0,17,0,17,0,17,0,17,2,5,8,16,7,16,2,5,54,46,18,30,50,42,718,194,116,63,307,118,799,187,576,165,2643,342,1218,234,215,81,221,92
1400000US53033032210,53033032210,"Census Tract 322.10, King County, Washington",8433,547,0,19,0,19,0,19,2,4,0,19,0,19,0,19,0,19,0,19,0,19,0,19,0,19,92,95,73,98,15,28,752,306,28,43,288,156,905,328,589,236,3440,517,1645,374,364,212,240,151
1400000US53033032211,53033032211,"Census Tract 322.11, King County, Washington",3212,144,34,42,0,12,0,12,0,12,0,12,0,12,0,12,2,5,0,12,0,12,0,12,0,12,0,12,13,20,27,23,202,73,20,20,141,75,359,98,235,73,1296,175,708,122,51,35,124,54
1400000US53033032212,53033032212,"Census Tract 322.12, King County, Washington",5444,282,0,17,0,17,0,17,0,17,0,17,0,17,0,17,0,17,0,17,0,17,0,17,0,17,31,36,24,37,17,27,367,174,15,23,162,93,434,145,387,123,2456,283,1208,252,203,92,140,75
1400000US53033032213,53033032213,"Census Tract 322.13, King County, Washington",2888,130,32,49,0,12,0,12,0,12,0,12,0,12,0,12,0,12,2,4,0,12,9,13,8,13,10,15,1,3,31,29,167,66,21,22,94,57,284,92,159,61,1234,153,571,127,116,54,149,54
1400000US53033032214,53033032214,"Census Tract 322.14, King County, Washington",3927,163,18,20,0,17,0,17,0,17,0,17,0,17,1,2,0,17,0,17,0,17,0,17,8,12,9,14,0,17,41,29,199,92,8,11,140,65,321,113,213,73,1791,191,965,147,93,45,120,55
1400000US53033032215,53033032215,"Census Tract 322.15, King County, Washington",2987,159,0,17,0,17,0,17,0,17,0,17,0,17,0,17,0,17,0,17,0,17,9,14,9,14,20,22,0,17,14,18,103,48,0,17,59,37,180,64,164,63,1354,192,867,162,79,44,129,59
1400000US53033032307,53033032307,"Census Tract 323.07, King County, Washington",4381,294,0,17,0,17,0,17,0,17,0,17,0,17,0,17,0,17,18,29,0,17,0,17,0,17,11,18,18,28,38,43,514,212,47,44,318,197,586,148,389,146,1409,229,875,178,87,57,71,57
1400000US53033032309,53033032309,"Census Tract 323.09, King County, Washington",5177,469,0,17,0,17,0,17,0,17,0,17,0,17,2,4,3,6,0,17,0,17,18,31,0,17,0,17,15,26,0,17,339,134,0,17,86,65,420,214,329,115,2043,313,1595,321,174,125,153,98
1400000US53033032311,53033032311,"Census Tract 323.11, King County, Washington",4238,250,27,46,0,17,0,17,0,17,0,17,0,17,0,17,0,17,0,17,0,17,0,17,0,17,0,17,0,17,37,42,463,178,75,61,291,149,594,162,378,147,1355,272,760,224,225,109,33,39
1400000US53033032313,53033032313,"Census Tract 323.13, King County, Washington",4608,366,14,21,0,17,0,17,0,17,0,17,0,17,0,17,0,17,220,284,0,17,0,17,12,17,13,20,13,21,48,45,377,123,19,30,169,121,637,197,267,167,1399,261,1270,223,103,57,47,44
1400000US53033032315,53033032315,"Census Tract 323.15, King County, Washington",3902,207,9,14,0,17,0,17,0,17,0,17,0,17,0,17,0,17,0,17,0,17,0,17,0,17,0,17,33,31,15,19,591,167,36,36,237,84,612,147,304,97,1297,166,529,137,159,67,80,48
1400000US53033032316,53033032316,"Census Tract 323.16, King County, Washington",3608,178,5,8,0,17,0,17,0,17,0,17,0,17,5,9,0,17,15,24,0,17,0,17,0,17,0,17,20,22,24,24,223,119,41,50,134,63,234,64,206,91,1630,174,890,151,108,60,73,39
1400000US53033032317,53033032317,"Census Tract 323.17, King County, Washington",4214,217,19,31,0,17,0,17,0,17,0,17,0,17,0,17,0,17,38,43,0,17,17,27,20,32,21,35,0,17,11,19,217,96,28,32,92,55,393,136,355,142,1745,302,986,183,48,38,224,90
1400000US53033032318,53033032318,"Census Tract 323.18, King County, Washington",3824,142,24,37,0,17,0,17,0,17,0,17,0,17,0,17,0,17,0,17,0,17,0,17,0,17,20,22,0,17,2,5,221,94,30,28,102,47,271,85,236,88,1637,171,1007,165,109,67,165,99
1400000US53033032319,53033032319,"Census Tract 323.19, King County, Washington",3821,314,0,17,0,17,0,17,0,17,0,17,0,17,0,17,0,17,0,17,0,17,0,17,0,17,34,44,39,45,28,31,595,208,85,69,197,88,571,207,191,119,1398,313,471,171,153,82,59,45
1400000US53033032320,53033032320,"Census Tract 323.20, King County, Washington",3003,183,26,32,0,12,0,12,0,12,0,12,0,12,0,12,0,12,0,12,0,12,18,27,6,10,41,46,29,33,9,12,365,155,23,25,182,87,229,80,280,106,1119,174,481,92,101,59,94,58
1400000US53033032321,53033032321,"Census Tract 323.21, King County, Washington",3685,216,10,16,0,17,0,17,4,9,0,17,0,17,0,17,0,17,4,9,0,17,4,10,28,49,12,16,16,23,0,17,149,67,51,43,107,54,280,83,181,67,1492,194,1006,153,119,58,222,98
1400000US53033032322,53033032322,"Census Tract 323.22, King County, Washington",2395,111,13,16,0,12,0,12,0,12,0,12,0,12,0,12,0,12,0,12,0,12,0,12,0,12,0,12,11,17,31,26,127,61,28,32,85,44,299,95,201,80,900,122,470,91,98,49,132,57
1400000US53033032323,53033032323,"Census Tract 323.23, King County, Washington",4021,221,14,23,0,17,11,18,0,17,0,17,0,17,0,17,0,17,0,17,0,17,0,17,0,17,0,17,0,17,78,103,246,93,8,18,125,91,401,116,313,138,1541,243,1044,221,43,47,197,143
1400000US53033032324,53033032324,"Census Tract 323.24, King County, Washington",3929,297,1,4,0,17,0,17,0,17,0,17,0,17,0,17,0,17,0,17,44,67,0,17,126,193,2,4,55,82,16,26,415,170,44,64,323,154,532,209,414,142,1068,216,813,228,11,17,65,48
1400000US53033032325,53033032325,"Census Tract 323.25, King County, Washington",3665,388,39,58,0,17,14,21,0,17,0,17,8,12,0,17,0,17,4,9,22,42,0,17,0,17,45,63,13,23,44,38,255,137,43,50,142,90,370,121,331,142,1263,263,826,206,192,141,54,47
1400000US53033032326,53033032326,"Census Tract 323.26, King County, Washington",2706,159,29,44,0,12,0,12,0,12,0,12,0,12,0,12,0,12,35,36,0,12,19,30,26,30,0,12,7,11,14,20,203,62,56,49,62,40,211,73,223,96,1252,144,407,91,81,45,81,59
1400000US53033032327,53033032327,"Census Tract 323.27, King County, Washington",3372,181,10,17,0,12,0,12,0,12,0,12,0,12,0,12,0,12,10,16,0,12,0,12,0,12,0,12,8,12,10,14,293,82,35,43,82,40,448,95,250,87,1232,149,650,126,195,74,149,59
1400000US53033032328,53033032328,"Census Tract 323.28, King County, Washington",2337,139,0,12,0,12,0,12,0,12,0,12,0,12,0,12,0,12,0,12,0,12,31,35,10,15,9,14,0,12,11,17,223,87,21,22,157,79,341,132,130,49,907,148,324,82,113,68,60,35
1400000US53033032329,53033032329,"Census Tract 323.29, King County, Washington",5734,294,33,37,0,17,0,17,0,17,0,17,0,17,0,17,0,17,0,17,0,17,0,17,17,28,0,17,0,17,0,17,194,87,42,43,134,79,475,152,272,107,2337,335,1665,281,225,99,340,147
1400000US53033032401,53033032401,"Census Tract 324.01, King County, Washington",3922,282,0,17,0,17,0,17,0,17,0,17,0,17,0,17,0,17,1,4,0,17,0,17,88,86,16,24,23,35,84,73,750,219,91,76,182,95,610,229,328,139,1371,337,352,118,26,32,0,17
1400000US53033032402,53033032402,"Census Tract 324.02, King County, Washington",4233,276,29,27,0,17,0,17,0,17,0,17,0,17,0,17,0,17,0,17,0,17,0,17,0,17,0,17,116,113,54,49,528,195,167,112,288,115,712,182,519,167,1272,244,460,157,57,48,31,34
1400000US53033032500,53033032500,"Census Tract 325, King County, Washington",3844,261,17,18,0,17,0,17,0,17,0,17,0,17,10,17,10,15,33,28,0,17,16,19,10,16,31,27,79,48,86,64,590,139,114,66,243,82,580,114,313,105,1228,188,376,104,47,27,61,52
1400000US53033032601,53033032601,"Census Tract 326.01, King County, Washington",2068,166,26,29,0,12,0,12,0,12,0,12,0,12,0,12,0,12,49,79,0,12,8,13,0,12,16,24,17,20,36,31,427,139,48,47,152,95,274,116,246,110,552,148,145,65,61,53,11,18
1400000US53033032602,53033032602,"Census Tract 326.02, King County, Washington",8117,432,14,23,0,19,15,24,0,19,0,19,0,19,0,19,0,19,0,19,16,26,13,20,0,19,41,45,0,19,115,76,421,171,62,51,439,151,1109,320,595,166,3427,365,1462,306,297,148,91,61
1400000US53033032702,53033032702,"Census Tract 327.02, King County, Washington",4705,305,0,17,0,17,0,17,0,17,0,17,0,17,0,17,0,17,15,24,0,17,14,23,2,5,0,17,15,22,46,42,833,278,199,132,271,105,1064,238,573,158,1241,216,387,117,31,36,14,24
1400000US53033032703,53033032703,"Census Tract 327.03, King County, Washington",1512,148,37,57,0,12,0,12,0,12,0,12,0,12,0,12,0,12,0,12,0,12,0,12,17,19,36,31,6,9,48,55,222,85,49,29,182,65,261,79,110,49,410,87,120,57,14,15,0,12
1400000US53033032704,53033032704,"Census Tract 327.04, King County, Washington",4439,461,43,47,0,17,0,17,0,17,0,17,0,17,0,17,0,17,40,62,0,17,37,59,22,34,34,51,59,68,103,90,613,222,211,135,194,82,977,218,534,155,1198,258,201,94,145,100,28,42
1400000US53033032800,53033032800,"Census Tract 328, King County, Washington",1828,134,10,15,0,12,0,12,0,12,0,12,0,12,0,12,0,12,0,12,0,12,16,21,2,6,26,23,17,23,26,24,346,85,51,35,122,44,332,75,109,54,466,117,270,84,31,35,4,8
1400000US53033990100,53033990100,"Census Tract 9901, King County, Washington",0,12,0,12,0,12,0,12,0,12,0,12,0,12,0,12,0,12,0,12,0,12,0,12,0,12,0,12,0,12,0,12,0,12,0,12,0,12,0,12,0,12,0,12,0,12,0,12,0,12
