"GEO.id","Id"
"GEO.id2","Id2"
"GEO.display-label","Geography"
"HC01_VC03","Estimate; SEX AND AGE - Total population"
"HC02_VC03","Margin of Error; SEX AND AGE - Total population"
"HC03_VC03","Percent; SEX AND AGE - Total population"
"HC04_VC03","Percent Margin of Error; SEX AND AGE - Total population"
"HC01_VC04","Estimate; SEX AND AGE - Total population - Male"
"HC02_VC04","Margin of Error; SEX AND AGE - Total population - Male"
"HC03_VC04","Percent; SEX AND AGE - Total population - Male"
"HC04_VC04","Percent Margin of Error; SEX AND AGE - Total population - Male"
"HC01_VC05","Estimate; SEX AND AGE - Total population - Female"
"HC02_VC05","Margin of Error; SEX AND AGE - Total population - Female"
"HC03_VC05","Percent; SEX AND AGE - Total population - Female"
"HC04_VC05","Percent Margin of Error; SEX AND AGE - Total population - Female"
"HC01_VC08","Estimate; SEX AND AGE - Under 5 years"
"HC02_VC08","Margin of Error; SEX AND AGE - Under 5 years"
"HC03_VC08","Percent; SEX AND AGE - Under 5 years"
"HC04_VC08","Percent Margin of Error; SEX AND AGE - Under 5 years"
"HC01_VC09","Estimate; SEX AND AGE - 5 to 9 years"
"HC02_VC09","Margin of Error; SEX AND AGE - 5 to 9 years"
"HC03_VC09","Percent; SEX AND AGE - 5 to 9 years"
"HC04_VC09","Percent Margin of Error; SEX AND AGE - 5 to 9 years"
"HC01_VC10","Estimate; SEX AND AGE - 10 to 14 years"
"HC02_VC10","Margin of Error; SEX AND AGE - 10 to 14 years"
"HC03_VC10","Percent; SEX AND AGE - 10 to 14 years"
"HC04_VC10","Percent Margin of Error; SEX AND AGE - 10 to 14 years"
"HC01_VC11","Estimate; SEX AND AGE - 15 to 19 years"
"HC02_VC11","Margin of Error; SEX AND AGE - 15 to 19 years"
"HC03_VC11","Percent; SEX AND AGE - 15 to 19 years"
"HC04_VC11","Percent Margin of Error; SEX AND AGE - 15 to 19 years"
"HC01_VC12","Estimate; SEX AND AGE - 20 to 24 years"
"HC02_VC12","Margin of Error; SEX AND AGE - 20 to 24 years"
"HC03_VC12","Percent; SEX AND AGE - 20 to 24 years"
"HC04_VC12","Percent Margin of Error; SEX AND AGE - 20 to 24 years"
"HC01_VC13","Estimate; SEX AND AGE - 25 to 34 years"
"HC02_VC13","Margin of Error; SEX AND AGE - 25 to 34 years"
"HC03_VC13","Percent; SEX AND AGE - 25 to 34 years"
"HC04_VC13","Percent Margin of Error; SEX AND AGE - 25 to 34 years"
"HC01_VC14","Estimate; SEX AND AGE - 35 to 44 years"
"HC02_VC14","Margin of Error; SEX AND AGE - 35 to 44 years"
"HC03_VC14","Percent; SEX AND AGE - 35 to 44 years"
"HC04_VC14","Percent Margin of Error; SEX AND AGE - 35 to 44 years"
"HC01_VC15","Estimate; SEX AND AGE - 45 to 54 years"
"HC02_VC15","Margin of Error; SEX AND AGE - 45 to 54 years"
"HC03_VC15","Percent; SEX AND AGE - 45 to 54 years"
"HC04_VC15","Percent Margin of Error; SEX AND AGE - 45 to 54 years"
"HC01_VC16","Estimate; SEX AND AGE - 55 to 59 years"
"HC02_VC16","Margin of Error; SEX AND AGE - 55 to 59 years"
"HC03_VC16","Percent; SEX AND AGE - 55 to 59 years"
"HC04_VC16","Percent Margin of Error; SEX AND AGE - 55 to 59 years"
"HC01_VC17","Estimate; SEX AND AGE - 60 to 64 years"
"HC02_VC17","Margin of Error; SEX AND AGE - 60 to 64 years"
"HC03_VC17","Percent; SEX AND AGE - 60 to 64 years"
"HC04_VC17","Percent Margin of Error; SEX AND AGE - 60 to 64 years"
"HC01_VC18","Estimate; SEX AND AGE - 65 to 74 years"
"HC02_VC18","Margin of Error; SEX AND AGE - 65 to 74 years"
"HC03_VC18","Percent; SEX AND AGE - 65 to 74 years"
"HC04_VC18","Percent Margin of Error; SEX AND AGE - 65 to 74 years"
"HC01_VC19","Estimate; SEX AND AGE - 75 to 84 years"
"HC02_VC19","Margin of Error; SEX AND AGE - 75 to 84 years"
"HC03_VC19","Percent; SEX AND AGE - 75 to 84 years"
"HC04_VC19","Percent Margin of Error; SEX AND AGE - 75 to 84 years"
"HC01_VC20","Estimate; SEX AND AGE - 85 years and over"
"HC02_VC20","Margin of Error; SEX AND AGE - 85 years and over"
"HC03_VC20","Percent; SEX AND AGE - 85 years and over"
"HC04_VC20","Percent Margin of Error; SEX AND AGE - 85 years and over"
"HC01_VC23","Estimate; SEX AND AGE - Median age (years)"
"HC02_VC23","Margin of Error; SEX AND AGE - Median age (years)"
"HC03_VC23","Percent; SEX AND AGE - Median age (years)"
"HC04_VC23","Percent Margin of Error; SEX AND AGE - Median age (years)"
"HC01_VC26","Estimate; SEX AND AGE - 18 years and over"
"HC02_VC26","Margin of Error; SEX AND AGE - 18 years and over"
"HC03_VC26","Percent; SEX AND AGE - 18 years and over"
"HC04_VC26","Percent Margin of Error; SEX AND AGE - 18 years and over"
"HC01_VC27","Estimate; SEX AND AGE - 21 years and over"
"HC02_VC27","Margin of Error; SEX AND AGE - 21 years and over"
"HC03_VC27","Percent; SEX AND AGE - 21 years and over"
"HC04_VC27","Percent Margin of Error; SEX AND AGE - 21 years and over"
"HC01_VC28","Estimate; SEX AND AGE - 62 years and over"
"HC02_VC28","Margin of Error; SEX AND AGE - 62 years and over"
"HC03_VC28","Percent; SEX AND AGE - 62 years and over"
"HC04_VC28","Percent Margin of Error; SEX AND AGE - 62 years and over"
"HC01_VC29","Estimate; SEX AND AGE - 65 years and over"
"HC02_VC29","Margin of Error; SEX AND AGE - 65 years and over"
"HC03_VC29","Percent; SEX AND AGE - 65 years and over"
"HC04_VC29","Percent Margin of Error; SEX AND AGE - 65 years and over"
"HC01_VC32","Estimate; SEX AND AGE - 18 years and over"
"HC02_VC32","Margin of Error; SEX AND AGE - 18 years and over"
"HC03_VC32","Percent; SEX AND AGE - 18 years and over"
"HC04_VC32","Percent Margin of Error; SEX AND AGE - 18 years and over"
"HC01_VC33","Estimate; SEX AND AGE - 18 years and over - Male"
"HC02_VC33","Margin of Error; SEX AND AGE - 18 years and over - Male"
"HC03_VC33","Percent; SEX AND AGE - 18 years and over - Male"
"HC04_VC33","Percent Margin of Error; SEX AND AGE - 18 years and over - Male"
"HC01_VC34","Estimate; SEX AND AGE - 18 years and over - Female"
"HC02_VC34","Margin of Error; SEX AND AGE - 18 years and over - Female"
"HC03_VC34","Percent; SEX AND AGE - 18 years and over - Female"
"HC04_VC34","Percent Margin of Error; SEX AND AGE - 18 years and over - Female"
"HC01_VC37","Estimate; SEX AND AGE - 65 years and over"
"HC02_VC37","Margin of Error; SEX AND AGE - 65 years and over"
"HC03_VC37","Percent; SEX AND AGE - 65 years and over"
"HC04_VC37","Percent Margin of Error; SEX AND AGE - 65 years and over"
"HC01_VC38","Estimate; SEX AND AGE - 65 years and over - Male"
"HC02_VC38","Margin of Error; SEX AND AGE - 65 years and over - Male"
"HC03_VC38","Percent; SEX AND AGE - 65 years and over - Male"
"HC04_VC38","Percent Margin of Error; SEX AND AGE - 65 years and over - Male"
"HC01_VC39","Estimate; SEX AND AGE - 65 years and over - Female"
"HC02_VC39","Margin of Error; SEX AND AGE - 65 years and over - Female"
"HC03_VC39","Percent; SEX AND AGE - 65 years and over - Female"
"HC04_VC39","Percent Margin of Error; SEX AND AGE - 65 years and over - Female"
"HC01_VC43","Estimate; RACE - Total population"
"HC02_VC43","Margin of Error; RACE - Total population"
"HC03_VC43","Percent; RACE - Total population"
"HC04_VC43","Percent Margin of Error; RACE - Total population"
"HC01_VC44","Estimate; RACE - Total population - One race"
"HC02_VC44","Margin of Error; RACE - Total population - One race"
"HC03_VC44","Percent; RACE - Total population - One race"
"HC04_VC44","Percent Margin of Error; RACE - Total population - One race"
"HC01_VC45","Estimate; RACE - Total population - Two or more races"
"HC02_VC45","Margin of Error; RACE - Total population - Two or more races"
"HC03_VC45","Percent; RACE - Total population - Two or more races"
"HC04_VC45","Percent Margin of Error; RACE - Total population - Two or more races"
"HC01_VC48","Estimate; RACE - One race"
"HC02_VC48","Margin of Error; RACE - One race"
"HC03_VC48","Percent; RACE - One race"
"HC04_VC48","Percent Margin of Error; RACE - One race"
"HC01_VC49","Estimate; RACE - One race - White"
"HC02_VC49","Margin of Error; RACE - One race - White"
"HC03_VC49","Percent; RACE - One race - White"
"HC04_VC49","Percent Margin of Error; RACE - One race - White"
"HC01_VC50","Estimate; RACE - One race - Black or African American"
"HC02_VC50","Margin of Error; RACE - One race - Black or African American"
"HC03_VC50","Percent; RACE - One race - Black or African American"
"HC04_VC50","Percent Margin of Error; RACE - One race - Black or African American"
"HC01_VC51","Estimate; RACE - One race - American Indian and Alaska Native"
"HC02_VC51","Margin of Error; RACE - One race - American Indian and Alaska Native"
"HC03_VC51","Percent; RACE - One race - American Indian and Alaska Native"
"HC04_VC51","Percent Margin of Error; RACE - One race - American Indian and Alaska Native"
"HC01_VC52","Estimate; RACE - One race - American Indian and Alaska Native - Cherokee tribal grouping"
"HC02_VC52","Margin of Error; RACE - One race - American Indian and Alaska Native - Cherokee tribal grouping"
"HC03_VC52","Percent; RACE - One race - American Indian and Alaska Native - Cherokee tribal grouping"
"HC04_VC52","Percent Margin of Error; RACE - One race - American Indian and Alaska Native - Cherokee tribal grouping"
"HC01_VC53","Estimate; RACE - One race - American Indian and Alaska Native - Chippewa tribal grouping"
"HC02_VC53","Margin of Error; RACE - One race - American Indian and Alaska Native - Chippewa tribal grouping"
"HC03_VC53","Percent; RACE - One race - American Indian and Alaska Native - Chippewa tribal grouping"
"HC04_VC53","Percent Margin of Error; RACE - One race - American Indian and Alaska Native - Chippewa tribal grouping"
"HC01_VC54","Estimate; RACE - One race - American Indian and Alaska Native - Navajo tribal grouping"
"HC02_VC54","Margin of Error; RACE - One race - American Indian and Alaska Native - Navajo tribal grouping"
"HC03_VC54","Percent; RACE - One race - American Indian and Alaska Native - Navajo tribal grouping"
"HC04_VC54","Percent Margin of Error; RACE - One race - American Indian and Alaska Native - Navajo tribal grouping"
"HC01_VC55","Estimate; RACE - One race - American Indian and Alaska Native - Sioux tribal grouping"
"HC02_VC55","Margin of Error; RACE - One race - American Indian and Alaska Native - Sioux tribal grouping"
"HC03_VC55","Percent; RACE - One race - American Indian and Alaska Native - Sioux tribal grouping"
"HC04_VC55","Percent Margin of Error; RACE - One race - American Indian and Alaska Native - Sioux tribal grouping"
"HC01_VC56","Estimate; RACE - One race - Asian"
"HC02_VC56","Margin of Error; RACE - One race - Asian"
"HC03_VC56","Percent; RACE - One race - Asian"
"HC04_VC56","Percent Margin of Error; RACE - One race - Asian"
"HC01_VC57","Estimate; RACE - One race - Asian - Asian Indian"
"HC02_VC57","Margin of Error; RACE - One race - Asian - Asian Indian"
"HC03_VC57","Percent; RACE - One race - Asian - Asian Indian"
"HC04_VC57","Percent Margin of Error; RACE - One race - Asian - Asian Indian"
"HC01_VC58","Estimate; RACE - One race - Asian - Chinese"
"HC02_VC58","Margin of Error; RACE - One race - Asian - Chinese"
"HC03_VC58","Percent; RACE - One race - Asian - Chinese"
"HC04_VC58","Percent Margin of Error; RACE - One race - Asian - Chinese"
"HC01_VC59","Estimate; RACE - One race - Asian - Filipino"
"HC02_VC59","Margin of Error; RACE - One race - Asian - Filipino"
"HC03_VC59","Percent; RACE - One race - Asian - Filipino"
"HC04_VC59","Percent Margin of Error; RACE - One race - Asian - Filipino"
"HC01_VC60","Estimate; RACE - One race - Asian - Japanese"
"HC02_VC60","Margin of Error; RACE - One race - Asian - Japanese"
"HC03_VC60","Percent; RACE - One race - Asian - Japanese"
"HC04_VC60","Percent Margin of Error; RACE - One race - Asian - Japanese"
"HC01_VC61","Estimate; RACE - One race - Asian - Korean"
"HC02_VC61","Margin of Error; RACE - One race - Asian - Korean"
"HC03_VC61","Percent; RACE - One race - Asian - Korean"
"HC04_VC61","Percent Margin of Error; RACE - One race - Asian - Korean"
"HC01_VC62","Estimate; RACE - One race - Asian - Vietnamese"
"HC02_VC62","Margin of Error; RACE - One race - Asian - Vietnamese"
"HC03_VC62","Percent; RACE - One race - Asian - Vietnamese"
"HC04_VC62","Percent Margin of Error; RACE - One race - Asian - Vietnamese"
"HC01_VC63","Estimate; RACE - One race - Asian - Other Asian"
"HC02_VC63","Margin of Error; RACE - One race - Asian - Other Asian"
"HC03_VC63","Percent; RACE - One race - Asian - Other Asian"
"HC04_VC63","Percent Margin of Error; RACE - One race - Asian - Other Asian"
"HC01_VC64","Estimate; RACE - One race - Native Hawaiian and Other Pacific Islander"
"HC02_VC64","Margin of Error; RACE - One race - Native Hawaiian and Other Pacific Islander"
"HC03_VC64","Percent; RACE - One race - Native Hawaiian and Other Pacific Islander"
"HC04_VC64","Percent Margin of Error; RACE - One race - Native Hawaiian and Other Pacific Islander"
"HC01_VC65","Estimate; RACE - One race - Native Hawaiian and Other Pacific Islander - Native Hawaiian"
"HC02_VC65","Margin of Error; RACE - One race - Native Hawaiian and Other Pacific Islander - Native Hawaiian"
"HC03_VC65","Percent; RACE - One race - Native Hawaiian and Other Pacific Islander - Native Hawaiian"
"HC04_VC65","Percent Margin of Error; RACE - One race - Native Hawaiian and Other Pacific Islander - Native Hawaiian"
"HC01_VC66","Estimate; RACE - One race - Native Hawaiian and Other Pacific Islander - Guamanian or Chamorro"
"HC02_VC66","Margin of Error; RACE - One race - Native Hawaiian and Other Pacific Islander - Guamanian or Chamorro"
"HC03_VC66","Percent; RACE - One race - Native Hawaiian and Other Pacific Islander - Guamanian or Chamorro"
"HC04_VC66","Percent Margin of Error; RACE - One race - Native Hawaiian and Other Pacific Islander - Guamanian or Chamorro"
"HC01_VC67","Estimate; RACE - One race - Native Hawaiian and Other Pacific Islander - Samoan"
"HC02_VC67","Margin of Error; RACE - One race - Native Hawaiian and Other Pacific Islander - Samoan"
"HC03_VC67","Percent; RACE - One race - Native Hawaiian and Other Pacific Islander - Samoan"
"HC04_VC67","Percent Margin of Error; RACE - One race - Native Hawaiian and Other Pacific Islander - Samoan"
"HC01_VC68","Estimate; RACE - One race - Native Hawaiian and Other Pacific Islander - Other Pacific Islander"
"HC02_VC68","Margin of Error; RACE - One race - Native Hawaiian and Other Pacific Islander - Other Pacific Islander"
"HC03_VC68","Percent; RACE - One race - Native Hawaiian and Other Pacific Islander - Other Pacific Islander"
"HC04_VC68","Percent Margin of Error; RACE - One race - Native Hawaiian and Other Pacific Islander - Other Pacific Islander"
"HC01_VC69","Estimate; RACE - One race - Some other race"
"HC02_VC69","Margin of Error; RACE - One race - Some other race"
"HC03_VC69","Percent; RACE - One race - Some other race"
"HC04_VC69","Percent Margin of Error; RACE - One race - Some other race"
"HC01_VC70","Estimate; RACE - Two or more races"
"HC02_VC70","Margin of Error; RACE - Two or more races"
"HC03_VC70","Percent; RACE - Two or more races"
"HC04_VC70","Percent Margin of Error; RACE - Two or more races"
"HC01_VC71","Estimate; RACE - Two or more races - White and Black or African American"
"HC02_VC71","Margin of Error; RACE - Two or more races - White and Black or African American"
"HC03_VC71","Percent; RACE - Two or more races - White and Black or African American"
"HC04_VC71","Percent Margin of Error; RACE - Two or more races - White and Black or African American"
"HC01_VC72","Estimate; RACE - Two or more races - White and American Indian and Alaska Native"
"HC02_VC72","Margin of Error; RACE - Two or more races - White and American Indian and Alaska Native"
"HC03_VC72","Percent; RACE - Two or more races - White and American Indian and Alaska Native"
"HC04_VC72","Percent Margin of Error; RACE - Two or more races - White and American Indian and Alaska Native"
"HC01_VC73","Estimate; RACE - Two or more races - White and Asian"
"HC02_VC73","Margin of Error; RACE - Two or more races - White and Asian"
"HC03_VC73","Percent; RACE - Two or more races - White and Asian"
"HC04_VC73","Percent Margin of Error; RACE - Two or more races - White and Asian"
"HC01_VC74","Estimate; RACE - Two or more races - Black or African American and American Indian and Alaska Native"
"HC02_VC74","Margin of Error; RACE - Two or more races - Black or African American and American Indian and Alaska Native"
"HC03_VC74","Percent; RACE - Two or more races - Black or African American and American Indian and Alaska Native"
"HC04_VC74","Percent Margin of Error; RACE - Two or more races - Black or African American and American Indian and Alaska Native"
"HC01_VC77","Estimate; RACE - Race alone or in combination with one or more other races - Total population"
"HC02_VC77","Margin of Error; RACE - Race alone or in combination with one or more other races - Total population"
"HC03_VC77","Percent; RACE - Race alone or in combination with one or more other races - Total population"
"HC04_VC77","Percent Margin of Error; RACE - Race alone or in combination with one or more other races - Total population"
"HC01_VC78","Estimate; RACE - Race alone or in combination with one or more other races - Total population - White"
"HC02_VC78","Margin of Error; RACE - Race alone or in combination with one or more other races - Total population - White"
"HC03_VC78","Percent; RACE - Race alone or in combination with one or more other races - Total population - White"
"HC04_VC78","Percent Margin of Error; RACE - Race alone or in combination with one or more other races - Total population - White"
"HC01_VC79","Estimate; RACE - Race alone or in combination with one or more other races - Total population - Black or African American"
"HC02_VC79","Margin of Error; RACE - Race alone or in combination with one or more other races - Total population - Black or African American"
"HC03_VC79","Percent; RACE - Race alone or in combination with one or more other races - Total population - Black or African American"
"HC04_VC79","Percent Margin of Error; RACE - Race alone or in combination with one or more other races - Total population - Black or African American"
"HC01_VC80","Estimate; RACE - Race alone or in combination with one or more other races - Total population - American Indian and Alaska Native"
"HC02_VC80","Margin of Error; RACE - Race alone or in combination with one or more other races - Total population - American Indian and Alaska Native"
"HC03_VC80","Percent; RACE - Race alone or in combination with one or more other races - Total population - American Indian and Alaska Native"
"HC04_VC80","Percent Margin of Error; RACE - Race alone or in combination with one or more other races - Total population - American Indian and Alaska Native"
"HC01_VC81","Estimate; RACE - Race alone or in combination with one or more other races - Total population - Asian"
"HC02_VC81","Margin of Error; RACE - Race alone or in combination with one or more other races - Total population - Asian"
"HC03_VC81","Percent; RACE - Race alone or in combination with one or more other races - Total population - Asian"
"HC04_VC81","Percent Margin of Error; RACE - Race alone or in combination with one or more other races - Total population - Asian"
"HC01_VC82","Estimate; RACE - Race alone or in combination with one or more other races - Total population - Native Hawaiian and Other Pacific Islander"
"HC02_VC82","Margin of Error; RACE - Race alone or in combination with one or more other races - Total population - Native Hawaiian and Other Pacific Islander"
"HC03_VC82","Percent; RACE - Race alone or in combination with one or more other races - Total population - Native Hawaiian and Other Pacific Islander"
"HC04_VC82","Percent Margin of Error; RACE - Race alone or in combination with one or more other races - Total population - Native Hawaiian and Other Pacific Islander"
"HC01_VC83","Estimate; RACE - Race alone or in combination with one or more other races - Total population - Some other race"
"HC02_VC83","Margin of Error; RACE - Race alone or in combination with one or more other races - Total population - Some other race"
"HC03_VC83","Percent; RACE - Race alone or in combination with one or more other races - Total population - Some other race"
"HC04_VC83","Percent Margin of Error; RACE - Race alone or in combination with one or more other races - Total population - Some other race"
"HC01_VC87","Estimate; HISPANIC OR LATINO AND RACE - Total population"
"HC02_VC87","Margin of Error; HISPANIC OR LATINO AND RACE - Total population"
"HC03_VC87","Percent; HISPANIC OR LATINO AND RACE - Total population"
"HC04_VC87","Percent Margin of Error; HISPANIC OR LATINO AND RACE - Total population"
"HC01_VC88","Estimate; HISPANIC OR LATINO AND RACE - Total population - Hispanic or Latino (of any race)"
"HC02_VC88","Margin of Error; HISPANIC OR LATINO AND RACE - Total population - Hispanic or Latino (of any race)"
"HC03_VC88","Percent; HISPANIC OR LATINO AND RACE - Total population - Hispanic or Latino (of any race)"
"HC04_VC88","Percent Margin of Error; HISPANIC OR LATINO AND RACE - Total population - Hispanic or Latino (of any race)"
"HC01_VC89","Estimate; HISPANIC OR LATINO AND RACE - Total population - Hispanic or Latino (of any race) - Mexican"
"HC02_VC89","Margin of Error; HISPANIC OR LATINO AND RACE - Total population - Hispanic or Latino (of any race) - Mexican"
"HC03_VC89","Percent; HISPANIC OR LATINO AND RACE - Total population - Hispanic or Latino (of any race) - Mexican"
"HC04_VC89","Percent Margin of Error; HISPANIC OR LATINO AND RACE - Total population - Hispanic or Latino (of any race) - Mexican"
"HC01_VC90","Estimate; HISPANIC OR LATINO AND RACE - Total population - Hispanic or Latino (of any race) - Puerto Rican"
"HC02_VC90","Margin of Error; HISPANIC OR LATINO AND RACE - Total population - Hispanic or Latino (of any race) - Puerto Rican"
"HC03_VC90","Percent; HISPANIC OR LATINO AND RACE - Total population - Hispanic or Latino (of any race) - Puerto Rican"
"HC04_VC90","Percent Margin of Error; HISPANIC OR LATINO AND RACE - Total population - Hispanic or Latino (of any race) - Puerto Rican"
"HC01_VC91","Estimate; HISPANIC OR LATINO AND RACE - Total population - Hispanic or Latino (of any race) - Cuban"
"HC02_VC91","Margin of Error; HISPANIC OR LATINO AND RACE - Total population - Hispanic or Latino (of any race) - Cuban"
"HC03_VC91","Percent; HISPANIC OR LATINO AND RACE - Total population - Hispanic or Latino (of any race) - Cuban"
"HC04_VC91","Percent Margin of Error; HISPANIC OR LATINO AND RACE - Total population - Hispanic or Latino (of any race) - Cuban"
"HC01_VC92","Estimate; HISPANIC OR LATINO AND RACE - Total population - Hispanic or Latino (of any race) - Other Hispanic or Latino"
"HC02_VC92","Margin of Error; HISPANIC OR LATINO AND RACE - Total population - Hispanic or Latino (of any race) - Other Hispanic or Latino"
"HC03_VC92","Percent; HISPANIC OR LATINO AND RACE - Total population - Hispanic or Latino (of any race) - Other Hispanic or Latino"
"HC04_VC92","Percent Margin of Error; HISPANIC OR LATINO AND RACE - Total population - Hispanic or Latino (of any race) - Other Hispanic or Latino"
"HC01_VC93","Estimate; HISPANIC OR LATINO AND RACE - Total population - Not Hispanic or Latino"
"HC02_VC93","Margin of Error; HISPANIC OR LATINO AND RACE - Total population - Not Hispanic or Latino"
"HC03_VC93","Percent; HISPANIC OR LATINO AND RACE - Total population - Not Hispanic or Latino"
"HC04_VC93","Percent Margin of Error; HISPANIC OR LATINO AND RACE - Total population - Not Hispanic or Latino"
"HC01_VC94","Estimate; HISPANIC OR LATINO AND RACE - Total population - Not Hispanic or Latino - White alone"
"HC02_VC94","Margin of Error; HISPANIC OR LATINO AND RACE - Total population - Not Hispanic or Latino - White alone"
"HC03_VC94","Percent; HISPANIC OR LATINO AND RACE - Total population - Not Hispanic or Latino - White alone"
"HC04_VC94","Percent Margin of Error; HISPANIC OR LATINO AND RACE - Total population - Not Hispanic or Latino - White alone"
"HC01_VC95","Estimate; HISPANIC OR LATINO AND RACE - Total population - Not Hispanic or Latino - Black or African American alone"
"HC02_VC95","Margin of Error; HISPANIC OR LATINO AND RACE - Total population - Not Hispanic or Latino - Black or African American alone"
"HC03_VC95","Percent; HISPANIC OR LATINO AND RACE - Total population - Not Hispanic or Latino - Black or African American alone"
"HC04_VC95","Percent Margin of Error; HISPANIC OR LATINO AND RACE - Total population - Not Hispanic or Latino - Black or African American alone"
"HC01_VC96","Estimate; HISPANIC OR LATINO AND RACE - Total population - Not Hispanic or Latino - American Indian and Alaska Native alone"
"HC02_VC96","Margin of Error; HISPANIC OR LATINO AND RACE - Total population - Not Hispanic or Latino - American Indian and Alaska Native alone"
"HC03_VC96","Percent; HISPANIC OR LATINO AND RACE - Total population - Not Hispanic or Latino - American Indian and Alaska Native alone"
"HC04_VC96","Percent Margin of Error; HISPANIC OR LATINO AND RACE - Total population - Not Hispanic or Latino - American Indian and Alaska Native alone"
"HC01_VC97","Estimate; HISPANIC OR LATINO AND RACE - Total population - Not Hispanic or Latino - Asian alone"
"HC02_VC97","Margin of Error; HISPANIC OR LATINO AND RACE - Total population - Not Hispanic or Latino - Asian alone"
"HC03_VC97","Percent; HISPANIC OR LATINO AND RACE - Total population - Not Hispanic or Latino - Asian alone"
"HC04_VC97","Percent Margin of Error; HISPANIC OR LATINO AND RACE - Total population - Not Hispanic or Latino - Asian alone"
"HC01_VC98","Estimate; HISPANIC OR LATINO AND RACE - Total population - Not Hispanic or Latino - Native Hawaiian and Other Pacific Islander alone"
"HC02_VC98","Margin of Error; HISPANIC OR LATINO AND RACE - Total population - Not Hispanic or Latino - Native Hawaiian and Other Pacific Islander alone"
"HC03_VC98","Percent; HISPANIC OR LATINO AND RACE - Total population - Not Hispanic or Latino - Native Hawaiian and Other Pacific Islander alone"
"HC04_VC98","Percent Margin of Error; HISPANIC OR LATINO AND RACE - Total population - Not Hispanic or Latino - Native Hawaiian and Other Pacific Islander alone"
"HC01_VC99","Estimate; HISPANIC OR LATINO AND RACE - Total population - Not Hispanic or Latino - Some other race alone"
"HC02_VC99","Margin of Error; HISPANIC OR LATINO AND RACE - Total population - Not Hispanic or Latino - Some other race alone"
"HC03_VC99","Percent; HISPANIC OR LATINO AND RACE - Total population - Not Hispanic or Latino - Some other race alone"
"HC04_VC99","Percent Margin of Error; HISPANIC OR LATINO AND RACE - Total population - Not Hispanic or Latino - Some other race alone"
"HC01_VC100","Estimate; HISPANIC OR LATINO AND RACE - Total population - Not Hispanic or Latino - Two or more races"
"HC02_VC100","Margin of Error; HISPANIC OR LATINO AND RACE - Total population - Not Hispanic or Latino - Two or more races"
"HC03_VC100","Percent; HISPANIC OR LATINO AND RACE - Total population - Not Hispanic or Latino - Two or more races"
"HC04_VC100","Percent Margin of Error; HISPANIC OR LATINO AND RACE - Total population - Not Hispanic or Latino - Two or more races"
"HC01_VC101","Estimate; HISPANIC OR LATINO AND RACE - Total population - Not Hispanic or Latino - Two or more races - Two races including Some other race"
"HC02_VC101","Margin of Error; HISPANIC OR LATINO AND RACE - Total population - Not Hispanic or Latino - Two or more races - Two races including Some other race"
"HC03_VC101","Percent; HISPANIC OR LATINO AND RACE - Total population - Not Hispanic or Latino - Two or more races - Two races including Some other race"
"HC04_VC101","Percent Margin of Error; HISPANIC OR LATINO AND RACE - Total population - Not Hispanic or Latino - Two or more races - Two races including Some other race"
"HC01_VC102","Estimate; HISPANIC OR LATINO AND RACE - Total population - Not Hispanic or Latino - Two or more races - Two races excluding Some other race, and Three or more races"
"HC02_VC102","Margin of Error; HISPANIC OR LATINO AND RACE - Total population - Not Hispanic or Latino - Two or more races - Two races excluding Some other race, and Three or more races"
"HC03_VC102","Percent; HISPANIC OR LATINO AND RACE - Total population - Not Hispanic or Latino - Two or more races - Two races excluding Some other race, and Three or more races"
"HC04_VC102","Percent Margin of Error; HISPANIC OR LATINO AND RACE - Total population - Not Hispanic or Latino - Two or more races - Two races excluding Some other race, and Three or more races"
"HC01_VC104","Estimate; HISPANIC OR LATINO AND RACE - Total housing units"
"HC02_VC104","Margin of Error; HISPANIC OR LATINO AND RACE - Total housing units"
"HC03_VC104","Percent; HISPANIC OR LATINO AND RACE - Total housing units"
"HC04_VC104","Percent Margin of Error; HISPANIC OR LATINO AND RACE - Total housing units"
"HC01_VC108","Estimate; CITIZEN, VOTING AGE POPULATION - Citizen, 18 and over population"
"HC02_VC108","Margin of Error; CITIZEN, VOTING AGE POPULATION - Citizen, 18 and over population"
"HC03_VC108","Percent; CITIZEN, VOTING AGE POPULATION - Citizen, 18 and over population"
"HC04_VC108","Percent Margin of Error; CITIZEN, VOTING AGE POPULATION - Citizen, 18 and over population"
"HC01_VC109","Estimate; CITIZEN, VOTING AGE POPULATION - Citizen, 18 and over population - Male"
"HC02_VC109","Margin of Error; CITIZEN, VOTING AGE POPULATION - Citizen, 18 and over population - Male"
"HC03_VC109","Percent; CITIZEN, VOTING AGE POPULATION - Citizen, 18 and over population - Male"
"HC04_VC109","Percent Margin of Error; CITIZEN, VOTING AGE POPULATION - Citizen, 18 and over population - Male"
"HC01_VC110","Estimate; CITIZEN, VOTING AGE POPULATION - Citizen, 18 and over population - Female"
"HC02_VC110","Margin of Error; CITIZEN, VOTING AGE POPULATION - Citizen, 18 and over population - Female"
"HC03_VC110","Percent; CITIZEN, VOTING AGE POPULATION - Citizen, 18 and over population - Female"
"HC04_VC110","Percent Margin of Error; CITIZEN, VOTING AGE POPULATION - Citizen, 18 and over population - Female"
