GEO.id,GEO.id2,GEO.display-label,HD01_VD01,HD02_VD01,HD01_VD02,HD02_VD02,HD01_VD03,HD02_VD03,HD01_VD04,HD02_VD04,HD01_VD05,HD02_VD05,HD01_VD06,HD02_VD06,HD01_VD07,HD02_VD07,HD01_VD08,HD02_VD08,HD01_VD09,HD02_VD09,HD01_VD10,HD02_VD10,HD01_VD11,HD02_VD11,HD01_VD12,HD02_VD12,HD01_VD13,HD02_VD13,HD01_VD14,HD02_VD14,HD01_VD15,HD02_VD15,HD01_VD16,HD02_VD16,HD01_VD17,HD02_VD17,HD01_VD18,HD02_VD18,HD01_VD19,HD02_VD19,HD01_VD20,HD02_VD20,HD01_VD21,HD02_VD21,HD01_VD22,HD02_VD22,HD01_VD23,HD02_VD23,HD01_VD24,HD02_VD24,HD01_VD25,HD02_VD25
Id,Id2,Geography,Estimate; Total:,Margin of Error; Total:,Estimate; Total: - No schooling completed,Margin of Error; Total: - No schooling completed,Estimate; Total: - Nursery school,Margin of Error; Total: - Nursery school,Estimate; Total: - Kindergarten,Margin of Error; Total: - Kindergarten,Estimate; Total: - 1st grade,Margin of Error; Total: - 1st grade,Estimate; Total: - 2nd grade,Margin of Error; Total: - 2nd grade,Estimate; Total: - 3rd grade,Margin of Error; Total: - 3rd grade,Estimate; Total: - 4th grade,Margin of Error; Total: - 4th grade,Estimate; Total: - 5th grade,Margin of Error; Total: - 5th grade,Estimate; Total: - 6th grade,Margin of Error; Total: - 6th grade,Estimate; Total: - 7th grade,Margin of Error; Total: - 7th grade,Estimate; Total: - 8th grade,Margin of Error; Total: - 8th grade,Estimate; Total: - 9th grade,Margin of Error; Total: - 9th grade,Estimate; Total: - 10th grade,Margin of Error; Total: - 10th grade,Estimate; Total: - 11th grade,Margin of Error; Total: - 11th grade,"Estimate; Total: - 12th grade, no diploma","Margin of Error; Total: - 12th grade, no diploma",Estimate; Total: - Regular high school diploma,Margin of Error; Total: - Regular high school diploma,Estimate; Total: - GED or alternative credential,Margin of Error; Total: - GED or alternative credential,"Estimate; Total: - Some college, less than 1 year","Margin of Error; Total: - Some college, less than 1 year","Estimate; Total: - Some college, 1 or more years, no degree","Margin of Error; Total: - Some college, 1 or more years, no degree",Estimate; Total: - Associate's degree,Margin of Error; Total: - Associate's degree,Estimate; Total: - Bachelor's degree,Margin of Error; Total: - Bachelor's degree,Estimate; Total: - Master's degree,Margin of Error; Total: - Master's degree,Estimate; Total: - Professional school degree,Margin of Error; Total: - Professional school degree,Estimate; Total: - Doctorate degree,Margin of Error; Total: - Doctorate degree
1400000US37119000100,37119000100,"Census Tract 1, Mecklenburg County, North Carolina",3538,437,0,12,0,12,0,12,0,12,0,12,0,12,0,12,0,12,0,12,0,12,1,4,17,26,0,12,0,12,18,29,149,111,50,47,113,84,366,243,275,138,1371,279,719,210,222,96,237,251
1400000US37119000300,37119000300,"Census Tract 3, Mecklenburg County, North Carolina",595,75,5,7,0,12,0,12,0,12,0,12,0,12,0,12,0,12,16,21,0,12,0,12,14,16,29,25,0,12,0,12,51,33,24,22,13,12,47,26,37,27,238,46,72,38,44,29,5,7
1400000US37119000400,37119000400,"Census Tract 4, Mecklenburg County, North Carolina",2175,212,0,12,0,12,0,12,0,12,0,12,0,12,0,12,0,12,0,12,0,12,0,12,37,43,26,40,33,46,9,15,21,24,9,15,35,31,199,126,61,35,1119,180,471,137,121,79,34,27
1400000US37119000500,37119000500,"Census Tract 5, Mecklenburg County, North Carolina",3482,378,37,37,0,12,0,12,0,12,11,23,0,12,36,50,0,12,21,33,0,12,16,25,18,28,62,77,110,91,45,52,62,47,171,183,61,70,217,150,94,78,1558,375,707,275,192,116,64,49
1400000US37119000600,37119000600,"Census Tract 6, Mecklenburg County, North Carolina",1905,230,26,23,0,12,0,12,0,12,0,12,0,12,0,12,0,12,0,12,7,11,0,12,33,37,72,44,28,34,0,12,176,77,9,18,40,43,169,75,94,61,757,135,374,131,111,62,9,13
1400000US37119000700,37119000700,"Census Tract 7, Mecklenburg County, North Carolina",637,96,3,8,0,12,0,12,0,12,4,6,0,12,7,13,0,12,0,12,0,12,5,9,0,12,23,37,10,13,23,17,122,69,6,10,7,13,132,61,57,25,182,71,52,34,0,12,4,7
1400000US37119000800,37119000800,"Census Tract 8, Mecklenburg County, North Carolina",1600,163,7,10,0,12,0,12,0,12,5,8,37,20,18,17,0,12,0,12,6,8,0,12,37,19,91,60,113,54,14,15,439,99,101,43,184,51,174,53,132,57,187,67,55,38,0,12,0,12
1400000US37119000900,37119000900,"Census Tract 9, Mecklenburg County, North Carolina",1295,126,35,24,0,12,0,12,0,12,0,12,9,11,0,12,12,16,4,6,0,12,12,17,20,21,92,44,58,41,46,44,298,79,17,21,72,38,172,80,139,53,210,80,84,41,15,13,0,12
1400000US37119001000,37119001000,"Census Tract 10, Mecklenburg County, North Carolina",2032,141,14,16,0,12,0,12,0,12,0,12,0,12,0,12,0,12,0,12,7,10,0,12,11,17,42,51,7,11,7,12,49,30,13,15,32,33,280,156,64,39,901,135,391,94,129,66,85,51
1400000US37119001100,37119001100,"Census Tract 11, Mecklenburg County, North Carolina",1653,150,0,12,0,12,0,12,0,12,0,12,0,12,0,12,0,12,0,12,0,12,0,12,9,9,12,17,33,41,6,9,198,108,30,25,101,53,170,52,60,37,610,106,297,67,96,39,31,22
1400000US37119001200,37119001200,"Census Tract 12, Mecklenburg County, North Carolina",3849,543,208,230,0,17,0,17,43,67,0,17,0,17,0,17,0,17,276,319,0,17,60,71,110,97,127,98,49,45,53,54,301,140,32,41,131,80,658,187,275,133,847,198,453,156,178,109,48,42
1400000US37119001300,37119001300,"Census Tract 13, Mecklenburg County, North Carolina",2892,236,137,80,0,12,0,12,0,12,0,12,0,12,0,12,22,32,7,14,24,29,0,12,188,85,109,63,123,65,24,31,501,115,123,60,158,80,580,129,236,87,496,116,155,68,9,16,0,12
1400000US37119001400,37119001400,"Census Tract 14, Mecklenburg County, North Carolina",2107,217,0,12,0,12,0,12,0,12,0,12,0,12,0,12,0,12,14,23,29,36,22,26,65,43,27,24,46,48,43,38,295,88,30,37,54,38,367,139,79,74,657,131,297,74,82,51,0,12
1400000US37119001504,37119001504,"Census Tract 15.04, Mecklenburg County, North Carolina",4261,544,81,114,0,17,27,46,0,17,26,44,87,97,136,121,35,57,229,167,68,90,67,81,81,95,119,120,139,128,87,103,1018,310,189,140,141,108,715,243,393,161,490,200,89,85,32,52,12,19
1400000US37119001505,37119001505,"Census Tract 15.05, Mecklenburg County, North Carolina",2375,239,71,73,0,12,0,12,0,12,27,39,9,15,10,16,74,82,68,60,26,44,114,90,144,128,79,67,10,17,18,23,296,154,53,38,185,75,532,205,188,97,323,97,125,55,0,12,23,27
1400000US37119001507,37119001507,"Census Tract 15.07, Mecklenburg County, North Carolina",2396,274,88,89,0,12,0,12,0,12,9,16,0,12,24,36,34,56,163,116,24,37,9,15,144,93,118,86,67,45,113,71,566,200,63,67,196,66,486,164,121,67,111,71,60,40,0,12,0,12
1400000US37119001508,37119001508,"Census Tract 15.08, Mecklenburg County, North Carolina",4087,390,199,127,0,17,0,17,41,63,117,175,37,30,0,17,14,23,43,69,53,80,0,17,108,83,0,17,54,49,87,63,798,203,127,74,221,107,479,158,252,96,1013,214,341,146,30,45,73,59
1400000US37119001509,37119001509,"Census Tract 15.09, Mecklenburg County, North Carolina",2078,269,36,22,0,12,0,12,0,12,25,40,28,32,0,12,37,46,35,57,0,12,9,15,26,42,98,54,49,39,54,50,545,160,83,64,87,37,465,148,217,92,218,129,40,28,20,23,6,10
1400000US37119001510,37119001510,"Census Tract 15.10, Mecklenburg County, North Carolina",2057,173,13,17,0,12,0,12,0,12,0,12,17,26,0,12,52,61,69,65,0,12,10,14,91,73,23,31,62,56,31,45,424,130,198,108,93,62,327,132,249,72,294,87,87,43,0,12,17,19
1400000US37119001603,37119001603,"Census Tract 16.03, Mecklenburg County, North Carolina",3170,258,57,54,0,12,0,12,0,12,0,12,0,12,54,87,64,66,85,53,46,65,94,73,76,47,93,60,108,68,52,39,898,262,132,103,130,64,498,123,128,72,416,143,175,78,24,31,40,25
1400000US37119001605,37119001605,"Census Tract 16.05, Mecklenburg County, North Carolina",1346,160,83,53,0,12,0,12,2,4,0,12,0,12,0,12,17,27,46,39,0,12,55,45,70,51,4,6,36,41,17,17,257,100,76,50,76,37,164,70,64,35,312,118,39,25,23,18,5,9
1400000US37119001606,37119001606,"Census Tract 16.06, Mecklenburg County, North Carolina",2782,286,35,44,0,12,0,12,0,12,0,12,165,94,34,50,35,46,158,101,84,72,49,64,100,95,28,34,139,95,24,22,670,209,59,45,143,67,386,126,247,99,273,96,101,53,26,22,26,31
1400000US37119001607,37119001607,"Census Tract 16.07, Mecklenburg County, North Carolina",1841,244,44,44,0,12,0,12,0,12,24,38,49,55,0,12,0,12,57,66,8,12,43,35,119,106,29,42,65,57,16,25,518,181,9,10,37,28,478,160,49,29,211,93,24,25,48,48,13,28
1400000US37119001608,37119001608,"Census Tract 16.08, Mecklenburg County, North Carolina",2590,222,140,90,0,12,0,12,0,12,0,12,12,20,42,47,62,48,148,79,54,45,71,52,138,78,63,57,82,47,46,33,519,111,56,44,165,68,444,103,158,83,351,123,31,35,8,15,0,12
1400000US37119001609,37119001609,"Census Tract 16.09, Mecklenburg County, North Carolina",2004,173,66,63,0,12,0,12,6,9,0,12,0,12,0,12,25,26,79,49,13,17,17,25,140,67,24,20,61,43,19,22,573,178,46,28,106,45,287,96,154,68,352,87,36,37,0,12,0,12
1400000US37119001701,37119001701,"Census Tract 17.01, Mecklenburg County, North Carolina",2835,237,168,97,0,12,0,12,0,12,0,12,28,42,13,21,36,45,55,52,23,26,36,30,179,138,95,80,48,33,75,53,331,111,114,70,166,80,343,119,337,119,624,162,115,61,41,53,8,12
1400000US37119001702,37119001702,"Census Tract 17.02, Mecklenburg County, North Carolina",3374,306,269,132,0,17,0,17,0,17,38,41,103,96,24,40,36,42,83,99,118,81,133,90,208,133,137,87,163,90,41,35,733,202,100,75,254,105,222,96,227,83,343,115,120,69,14,18,8,15
1400000US37119001801,37119001801,"Census Tract 18.01, Mecklenburg County, North Carolina",996,90,7,9,0,12,0,12,0,12,0,12,0,12,0,12,0,12,0,12,7,12,0,12,5,8,2,4,38,38,15,14,185,69,27,25,59,30,191,52,61,32,309,91,58,36,18,22,14,15
1400000US37119001802,37119001802,"Census Tract 18.02, Mecklenburg County, North Carolina",2407,187,27,28,0,12,0,12,0,12,0,12,0,12,1,3,0,12,0,12,0,12,10,14,20,28,28,33,29,37,59,61,487,141,87,50,126,80,369,120,241,114,559,157,240,83,89,42,35,30
1400000US37119001910,37119001910,"Census Tract 19.10, Mecklenburg County, North Carolina",3502,319,198,149,0,17,0,17,21,31,50,79,168,166,0,17,0,17,198,84,16,25,32,37,214,114,98,79,98,63,70,44,910,219,96,55,183,72,377,103,294,114,385,109,90,44,0,17,4,10
1400000US37119001911,37119001911,"Census Tract 19.11, Mecklenburg County, North Carolina",3821,280,98,101,0,17,0,17,0,17,30,47,0,17,0,17,0,17,37,48,21,30,55,77,34,28,163,123,43,42,100,59,906,233,224,102,271,123,751,175,320,108,605,159,138,54,14,19,11,20
1400000US37119001912,37119001912,"Census Tract 19.12, Mecklenburg County, North Carolina",4291,527,194,152,0,17,0,17,0,17,86,127,0,17,56,61,9,21,121,100,118,132,172,134,184,144,218,171,212,162,18,31,968,287,128,99,238,125,808,274,283,125,379,148,86,91,0,17,13,22
1400000US37119001914,37119001914,"Census Tract 19.14, Mecklenburg County, North Carolina",2357,230,23,29,0,12,0,12,0,12,23,32,19,31,0,12,19,28,182,137,0,12,49,57,94,89,67,78,37,34,52,46,479,142,33,25,131,55,408,128,154,61,467,124,105,63,15,18,0,12
1400000US37119001915,37119001915,"Census Tract 19.15, Mecklenburg County, North Carolina",3803,316,58,66,26,47,0,17,0,17,0,17,0,17,38,61,12,20,57,78,0,17,0,17,61,76,101,94,38,44,138,114,678,225,10,23,183,117,891,248,457,182,730,263,252,137,45,60,28,29
1400000US37119001916,37119001916,"Census Tract 19.16, Mecklenburg County, North Carolina",2477,247,4,8,0,12,0,12,0,12,0,12,0,12,0,12,0,12,0,12,0,12,18,25,0,12,44,45,113,88,71,75,398,121,141,57,186,82,645,170,239,92,521,160,37,38,36,37,24,30
1400000US37119001917,37119001917,"Census Tract 19.17, Mecklenburg County, North Carolina",2692,231,31,36,0,12,0,12,0,12,24,39,37,58,0,12,6,11,61,67,20,24,88,69,18,27,115,90,81,96,54,47,781,201,218,124,208,85,479,113,114,72,264,100,77,61,16,17,0,12
1400000US37119001918,37119001918,"Census Tract 19.18, Mecklenburg County, North Carolina",2578,261,99,87,0,12,0,12,0,12,3,6,18,22,0,12,21,27,56,57,48,47,5,10,69,53,65,67,52,48,65,39,464,170,87,57,251,83,375,105,198,89,599,170,94,52,0,12,9,14
1400000US37119001919,37119001919,"Census Tract 19.19, Mecklenburg County, North Carolina",2740,219,48,67,0,12,0,12,18,28,0,12,28,41,92,91,0,12,86,93,9,15,10,18,116,78,64,52,36,39,64,60,510,188,141,80,248,82,294,120,408,134,370,115,173,93,25,26,0,12
1400000US37119001920,37119001920,"Census Tract 19.20, Mecklenburg County, North Carolina",2815,272,19,31,0,12,0,12,0,12,29,45,11,19,0,12,0,12,84,86,6,10,22,34,78,62,50,56,15,25,13,22,728,190,181,116,138,63,698,162,212,100,409,132,108,58,14,24,0,12
1400000US37119001921,37119001921,"Census Tract 19.21, Mecklenburg County, North Carolina",1510,161,32,37,0,12,0,12,0,12,6,11,8,13,8,14,7,10,17,18,5,7,0,12,0,12,47,35,4,8,31,22,368,93,64,38,97,47,305,82,128,41,289,96,94,55,0,12,0,12
1400000US37119001922,37119001922,"Census Tract 19.22, Mecklenburg County, North Carolina",2994,291,31,36,0,12,0,12,0,12,0,12,0,12,0,12,39,48,22,27,21,35,29,37,62,47,92,65,68,46,20,23,770,204,185,106,313,105,585,149,310,147,293,110,134,98,5,9,15,24
1400000US37119001923,37119001923,"Census Tract 19.23, Mecklenburg County, North Carolina",2445,235,36,38,0,12,0,12,0,12,0,12,0,12,0,12,12,21,21,23,21,25,18,28,111,97,36,39,20,30,29,27,821,198,55,38,124,59,434,163,282,88,327,113,98,54,0,12,0,12
1400000US37119002002,37119002002,"Census Tract 20.02, Mecklenburg County, North Carolina",4665,299,12,21,0,17,0,17,0,17,0,17,0,17,28,41,0,17,19,33,0,17,1,4,38,48,35,45,47,60,31,43,287,140,8,18,146,96,635,199,297,143,1803,280,960,222,280,125,38,45
1400000US37119002003,37119002003,"Census Tract 20.03, Mecklenburg County, North Carolina",4377,298,47,54,0,17,0,17,0,17,0,17,0,17,0,17,0,17,0,17,23,41,17,27,52,68,63,58,109,72,56,54,600,326,130,124,228,132,534,191,396,143,1513,313,443,157,134,102,32,37
1400000US37119002004,37119002004,"Census Tract 20.04, Mecklenburg County, North Carolina",3485,341,14,18,0,12,0,12,0,12,0,12,0,12,0,12,0,12,0,12,0,12,3,6,51,74,0,12,0,12,11,18,290,145,101,79,347,110,231,116,144,90,1428,277,762,230,56,60,47,49
1400000US37119002100,37119002100,"Census Tract 21, Mecklenburg County, North Carolina",2045,176,0,12,0,12,0,12,0,12,0,12,0,12,0,12,0,12,25,33,11,23,10,15,47,47,11,12,16,20,7,13,450,137,36,28,148,72,365,91,135,72,530,113,232,108,10,13,12,15
1400000US37119002200,37119002200,"Census Tract 22, Mecklenburg County, North Carolina",3414,265,0,12,0,12,0,12,0,12,0,12,0,12,0,12,0,12,0,12,0,12,0,12,0,12,16,30,1,3,24,45,240,111,0,12,77,50,429,133,132,84,1589,240,664,158,196,89,46,59
1400000US37119002300,37119002300,"Census Tract 23, Mecklenburg County, North Carolina",1394,151,14,13,0,12,0,12,0,12,19,21,17,18,0,12,0,12,20,22,0,12,4,6,35,36,49,28,190,67,59,28,362,95,58,37,75,41,267,73,111,57,88,47,26,25,0,12,0,12
1400000US37119002400,37119002400,"Census Tract 24, Mecklenburg County, North Carolina",2390,231,22,34,0,12,0,12,0,12,0,12,0,12,0,12,0,12,0,12,0,12,0,12,0,12,0,12,0,12,12,19,234,111,54,61,96,50,360,129,89,55,1038,176,334,88,115,61,36,30
1400000US37119002500,37119002500,"Census Tract 25, Mecklenburg County, North Carolina",1378,131,3,4,0,12,0,12,0,12,0,12,0,12,0,12,0,12,0,12,0,12,5,7,0,12,10,12,0,12,0,12,87,44,11,11,32,18,200,71,83,39,578,89,237,77,93,41,39,21
1400000US37119002600,37119002600,"Census Tract 26, Mecklenburg County, North Carolina",666,103,0,12,0,12,0,12,0,12,0,12,0,12,0,12,0,12,10,14,5,9,0,12,0,12,17,16,9,14,6,9,73,60,0,12,22,17,112,41,48,29,188,49,111,41,25,16,40,22
1400000US37119002701,37119002701,"Census Tract 27.01, Mecklenburg County, North Carolina",1692,128,0,12,0,12,0,12,0,12,17,26,0,12,0,12,0,12,0,12,0,12,8,18,8,18,0,12,9,18,24,27,76,33,0,12,10,15,132,54,28,26,845,133,369,92,137,57,29,25
1400000US37119002702,37119002702,"Census Tract 27.02, Mecklenburg County, North Carolina",3568,248,18,29,0,17,0,17,0,17,0,17,0,17,0,17,0,17,0,17,0,17,0,17,0,17,0,17,0,17,8,12,114,88,0,17,60,48,248,117,165,99,1542,278,818,170,525,176,70,51
1400000US37119002800,37119002800,"Census Tract 28, Mecklenburg County, North Carolina",2522,170,4,8,0,12,0,12,0,12,0,12,0,12,0,12,0,12,0,12,5,13,0,12,0,12,0,12,18,23,6,13,26,22,8,17,30,24,208,77,52,32,1204,157,601,121,299,97,61,44
1400000US37119002903,37119002903,"Census Tract 29.03, Mecklenburg County, North Carolina",2721,157,0,12,0,12,0,12,0,12,0,12,0,12,7,12,0,12,0,12,0,12,0,12,0,12,0,12,8,13,0,12,27,20,20,21,46,43,284,106,162,87,1255,203,480,142,313,86,119,53
1400000US37119002904,37119002904,"Census Tract 29.04, Mecklenburg County, North Carolina",4640,350,0,17,0,17,0,17,0,17,0,17,0,17,0,17,0,17,0,17,0,17,6,12,13,22,0,17,64,102,30,33,223,116,58,72,81,62,514,179,288,132,1832,271,1032,217,341,142,158,106
1400000US37119002905,37119002905,"Census Tract 29.05, Mecklenburg County, North Carolina",2172,162,0,12,0,12,0,12,0,12,0,12,0,12,0,12,0,12,0,12,0,12,0,12,0,12,0,12,0,12,1,3,24,24,12,17,39,29,168,62,83,65,1075,155,587,122,139,57,44,34
1400000US37119002906,37119002906,"Census Tract 29.06, Mecklenburg County, North Carolina",3206,292,0,12,0,12,0,12,0,12,0,12,0,12,0,12,0,12,0,12,0,12,0,12,5,10,27,43,15,22,27,38,111,47,27,21,105,63,242,100,132,58,1685,234,492,113,251,150,87,50
1400000US37119003006,37119003006,"Census Tract 30.06, Mecklenburg County, North Carolina",3202,188,12,18,0,12,0,12,0,12,0,12,0,12,0,12,0,12,0,12,0,12,0,12,0,12,0,12,12,18,8,13,178,80,28,31,152,54,286,99,233,82,1426,214,656,119,165,63,46,25
1400000US37119003007,37119003007,"Census Tract 30.07, Mecklenburg County, North Carolina",4899,273,53,53,0,17,0,17,0,17,0,17,0,17,0,17,0,17,0,17,0,17,0,17,9,15,0,17,0,17,45,46,397,174,0,17,98,63,466,170,323,139,2092,253,881,186,388,130,147,94
1400000US37119003008,37119003008,"Census Tract 30.08, Mecklenburg County, North Carolina",4187,317,0,17,0,17,0,17,0,17,0,17,0,17,0,17,0,17,0,17,0,17,12,20,56,61,85,103,45,74,80,61,658,205,14,22,242,127,660,254,317,132,1379,244,550,205,89,62,0,17
1400000US37119003011,37119003011,"Census Tract 30.11, Mecklenburg County, North Carolina",4886,279,0,17,0,17,0,17,0,17,0,17,0,17,0,17,0,17,17,26,0,17,0,17,0,17,16,25,5,11,47,55,454,150,20,27,116,65,532,149,227,106,2390,362,624,211,277,112,161,101
1400000US37119003012,37119003012,"Census Tract 30.12, Mecklenburg County, North Carolina",3440,331,43,46,0,12,0,12,0,12,0,12,77,90,0,12,0,12,90,121,23,36,10,17,0,12,0,12,12,12,16,18,190,93,29,33,164,81,379,98,214,107,1426,287,548,137,178,52,41,32
1400000US37119003013,37119003013,"Census Tract 30.13, Mecklenburg County, North Carolina",3747,178,45,44,0,17,0,17,0,17,0,17,0,17,0,17,0,17,0,17,0,17,25,41,27,44,17,28,15,25,39,43,304,155,47,53,91,66,548,164,185,104,1461,237,641,185,207,126,95,72
1400000US37119003015,37119003015,"Census Tract 30.15, Mecklenburg County, North Carolina",3377,193,17,23,0,12,0,12,0,12,0,12,0,12,0,12,0,12,0,12,0,12,0,12,0,12,2,4,16,18,25,28,282,127,53,37,126,53,496,143,140,73,1440,191,542,103,135,60,103,58
1400000US37119003016,37119003016,"Census Tract 30.16, Mecklenburg County, North Carolina",3142,173,26,28,0,12,0,12,0,12,0,12,0,12,0,12,0,12,11,17,0,12,0,12,16,23,0,12,7,12,26,38,177,107,14,20,164,82,389,112,284,107,1208,204,650,158,133,64,37,31
1400000US37119003017,37119003017,"Census Tract 30.17, Mecklenburg County, North Carolina",2556,140,35,36,0,12,0,12,0,12,0,12,0,12,0,12,0,12,0,12,0,12,0,12,0,12,0,12,4,8,21,22,192,66,49,30,128,54,333,104,162,79,1018,160,359,128,189,74,66,37
1400000US37119003018,37119003018,"Census Tract 30.18, Mecklenburg County, North Carolina",1940,115,7,11,0,12,0,12,0,12,0,12,0,12,0,12,0,12,1,4,0,12,1,2,1,3,0,12,3,5,0,12,274,144,1,2,108,53,248,103,81,42,728,136,388,112,80,51,19,22
1400000US37119003102,37119003102,"Census Tract 31.02, Mecklenburg County, North Carolina",3607,394,24,41,0,12,0,12,0,12,0,12,38,61,29,24,101,103,107,132,10,17,41,58,14,23,50,63,14,24,12,19,361,181,74,55,262,144,707,328,185,145,1078,370,423,194,65,81,12,23
1400000US37119003103,37119003103,"Census Tract 31.03, Mecklenburg County, North Carolina",3661,322,7,15,0,12,0,12,0,12,0,12,0,12,0,12,0,12,14,21,0,12,0,12,17,32,38,61,58,55,46,70,375,168,42,46,198,92,456,145,320,118,1393,250,529,187,155,83,13,21
1400000US37119003105,37119003105,"Census Tract 31.05, Mecklenburg County, North Carolina",2861,190,0,12,0,12,0,12,0,12,0,12,0,12,0,12,0,12,49,56,0,12,0,12,0,12,13,19,7,12,0,12,312,110,9,14,117,67,428,114,203,84,1143,157,421,112,118,59,41,31
1400000US37119003106,37119003106,"Census Tract 31.06, Mecklenburg County, North Carolina",2263,197,13,20,0,12,0,12,0,12,0,12,0,12,0,12,0,12,94,102,0,12,41,48,25,30,21,36,18,29,53,50,404,130,7,12,79,44,402,132,190,87,641,146,216,71,46,35,13,17
1400000US37119003108,37119003108,"Census Tract 31.08, Mecklenburg County, North Carolina",2066,180,33,27,0,12,0,12,16,23,11,16,8,13,0,12,31,25,142,99,17,26,9,14,48,44,126,98,33,35,13,14,515,120,36,31,70,44,240,87,112,59,505,108,60,33,35,32,6,9
1400000US37119003109,37119003109,"Census Tract 31.09, Mecklenburg County, North Carolina",2743,280,14,23,23,37,0,12,17,27,18,28,24,38,0,12,0,12,371,184,0,12,0,12,88,84,50,43,33,29,109,121,486,149,18,27,130,84,490,171,86,50,557,138,202,73,17,27,10,17
1400000US37119003201,37119003201,"Census Tract 32.01, Mecklenburg County, North Carolina",1587,218,47,47,0,12,0,12,0,12,0,12,0,12,0,12,0,12,72,51,0,12,23,33,68,48,0,12,0,12,22,27,328,123,0,12,21,24,261,96,126,65,380,138,184,65,47,33,8,12
1400000US37119003203,37119003203,"Census Tract 32.03, Mecklenburg County, North Carolina",1905,244,42,40,0,12,0,12,0,12,0,12,0,12,0,12,0,12,28,40,0,12,0,12,20,31,46,74,0,12,0,12,269,113,0,12,46,41,534,145,268,120,425,114,188,83,35,57,4,7
1400000US37119003204,37119003204,"Census Tract 32.04, Mecklenburg County, North Carolina",2909,219,82,98,0,12,0,12,0,12,8,12,0,12,0,12,0,12,32,29,0,12,54,45,30,36,24,27,30,52,4,9,256,93,16,17,86,48,477,127,152,78,1033,158,522,135,75,50,28,28
1400000US37119003300,37119003300,"Census Tract 33, Mecklenburg County, North Carolina",2313,193,15,16,0,12,0,12,0,12,26,35,0,12,0,12,0,12,11,16,0,12,0,12,0,12,15,23,0,12,0,12,126,58,100,74,80,42,292,97,176,91,967,154,346,99,150,64,9,15
1400000US37119003400,37119003400,"Census Tract 34, Mecklenburg County, North Carolina",3647,310,8,14,0,17,0,17,0,17,0,17,0,17,49,66,0,17,0,17,0,17,27,42,0,17,0,17,3,7,10,18,116,70,35,52,53,47,181,110,213,102,1575,236,797,205,364,147,216,100
1400000US37119003500,37119003500,"Census Tract 35, Mecklenburg County, North Carolina",1952,148,7,15,0,12,0,12,0,12,6,14,0,12,0,12,0,12,0,12,0,12,0,12,0,12,6,14,0,12,0,12,105,101,12,18,50,38,54,40,103,47,862,129,450,140,249,81,48,38
1400000US37119003600,37119003600,"Census Tract 36, Mecklenburg County, North Carolina",2514,265,42,48,0,12,0,12,0,12,23,35,0,12,15,24,31,33,0,12,0,12,34,42,131,97,112,73,175,117,31,36,518,152,83,56,153,69,359,134,199,100,432,122,133,57,36,35,7,11
1400000US37119003700,37119003700,"Census Tract 37, Mecklenburg County, North Carolina",2069,204,26,36,0,12,0,12,0,12,0,12,0,12,0,12,0,12,0,12,13,22,56,62,48,78,120,86,61,50,45,46,238,110,66,58,114,87,346,178,158,118,486,128,216,94,60,62,16,25
1400000US37119003802,37119003802,"Census Tract 38.02, Mecklenburg County, North Carolina",2628,298,70,54,0,12,0,12,0,12,8,12,28,30,0,12,11,18,12,15,16,19,68,53,104,86,161,84,162,75,55,37,683,145,52,36,184,84,643,158,167,99,154,83,46,42,4,7,0,12
1400000US37119003805,37119003805,"Census Tract 38.05, Mecklenburg County, North Carolina",1686,204,0,12,0,12,0,12,0,12,0,12,0,12,0,12,0,12,0,12,0,12,10,14,5,9,11,17,17,21,10,11,89,30,17,18,7,11,87,56,56,37,977,201,352,111,26,19,22,29
1400000US37119003806,37119003806,"Census Tract 38.06, Mecklenburg County, North Carolina",6611,688,104,106,0,17,0,17,25,41,33,41,25,39,19,32,9,14,175,125,52,60,66,70,241,162,129,89,145,90,239,138,1289,319,201,145,450,185,1038,261,235,102,1553,353,540,184,12,20,31,37
1400000US37119003807,37119003807,"Census Tract 38.07, Mecklenburg County, North Carolina",2946,249,153,80,0,12,0,12,0,12,0,12,60,49,41,64,53,61,250,154,16,25,138,61,35,37,69,45,96,82,87,58,597,179,155,81,173,93,511,139,208,77,219,99,78,81,7,10,0,12
1400000US37119003808,37119003808,"Census Tract 38.08, Mecklenburg County, North Carolina",3395,366,63,43,0,17,0,17,70,75,36,40,76,65,0,17,56,49,589,193,70,53,139,90,287,154,80,46,17,22,80,62,818,182,91,59,163,78,337,137,96,54,245,93,58,45,0,17,24,37
1400000US37119003902,37119003902,"Census Tract 39.02, Mecklenburg County, North Carolina",2997,345,69,52,0,17,0,17,0,17,0,17,0,17,64,87,0,17,8,12,9,13,11,20,95,67,186,89,206,100,128,76,898,200,81,52,324,147,466,144,182,81,222,99,24,35,24,25,0,17
1400000US37119003903,37119003903,"Census Tract 39.03, Mecklenburg County, North Carolina",781,123,17,23,5,7,0,12,0,12,0,12,22,25,0,12,0,12,0,12,33,37,29,29,62,42,87,58,57,40,28,31,100,37,57,44,80,56,128,51,22,20,54,32,0,12,0,12,0,12
1400000US37119004000,37119004000,"Census Tract 40, Mecklenburg County, North Carolina",3059,298,59,44,0,12,0,12,0,12,0,12,0,12,1,2,0,12,36,33,0,12,111,75,214,112,158,82,326,130,193,102,762,205,106,59,342,97,315,102,178,96,243,101,15,17,0,12,0,12
1400000US37119004100,37119004100,"Census Tract 41, Mecklenburg County, North Carolina",2583,261,29,27,0,12,0,12,0,12,0,12,0,12,0,12,0,12,39,46,18,26,11,16,19,19,50,37,113,52,45,36,437,127,120,63,91,61,212,110,183,68,894,201,222,90,71,34,29,35
1400000US37119004200,37119004200,"Census Tract 42, Mecklenburg County, North Carolina",2345,334,58,50,0,12,0,12,0,12,0,12,0,12,0,12,0,12,11,14,22,35,64,59,98,95,138,69,153,80,129,77,556,152,81,51,234,116,475,118,134,80,112,73,55,45,25,26,0,12
1400000US37119004302,37119004302,"Census Tract 43.02, Mecklenburg County, North Carolina",2876,332,118,81,0,12,0,12,0,12,4,10,0,12,0,12,0,12,24,24,46,58,30,25,99,61,74,55,124,67,64,48,714,162,242,82,212,118,516,139,228,116,314,146,36,30,22,34,9,15
1400000US37119004303,37119004303,"Census Tract 43.03, Mecklenburg County, North Carolina",1870,144,26,18,0,12,0,12,0,12,20,29,0,12,13,20,0,12,59,41,36,35,13,15,46,33,42,29,15,22,31,33,450,105,85,39,118,54,389,95,210,71,265,71,44,24,0,12,8,9
1400000US37119004304,37119004304,"Census Tract 43.04, Mecklenburg County, North Carolina",2327,304,112,56,0,12,0,12,0,12,0,12,7,12,0,12,0,12,138,122,0,12,7,11,58,59,89,82,42,45,43,36,641,179,105,49,212,109,432,131,167,96,167,97,107,72,0,12,0,12
1400000US37119004305,37119004305,"Census Tract 43.05, Mecklenburg County, North Carolina",3513,484,181,192,0,17,0,17,0,17,8,17,34,54,0,17,28,47,41,65,0,17,78,73,101,129,47,42,84,68,43,47,1309,393,76,76,212,108,566,242,190,132,381,214,105,82,23,30,6,12
1400000US37119004400,37119004400,"Census Tract 44, Mecklenburg County, North Carolina",2954,354,17,23,0,12,0,12,0,12,0,12,0,12,0,12,9,14,38,44,21,23,25,26,160,121,81,56,258,182,12,20,755,187,199,111,225,112,547,158,204,104,309,109,60,47,0,12,34,53
1400000US37119004500,37119004500,"Census Tract 45, Mecklenburg County, North Carolina",1824,251,50,38,0,12,13,21,0,12,0,12,31,32,13,18,0,12,44,60,26,38,0,12,0,12,136,71,86,70,63,62,629,203,149,98,130,70,248,118,106,91,76,76,24,38,0,12,0,12
1400000US37119004600,37119004600,"Census Tract 46, Mecklenburg County, North Carolina",2063,234,3,6,0,12,0,12,0,12,0,12,0,12,0,12,0,12,0,12,10,16,12,18,60,49,191,106,240,106,111,47,601,160,93,55,135,79,377,130,52,46,115,68,53,52,0,12,10,17
1400000US37119004700,37119004700,"Census Tract 47, Mecklenburg County, North Carolina",793,117,28,28,0,12,0,12,0,12,0,12,0,12,9,13,0,12,0,12,0,12,12,14,47,31,45,43,157,81,7,10,170,55,23,25,68,35,140,51,55,32,32,23,0,12,0,12,0,12
1400000US37119004800,37119004800,"Census Tract 48, Mecklenburg County, North Carolina",2375,262,29,27,0,12,0,12,0,12,0,12,8,12,0,12,0,12,28,34,23,30,67,59,40,36,72,46,44,35,78,46,730,199,152,62,166,91,392,116,212,105,248,80,77,52,9,15,0,12
1400000US37119004900,37119004900,"Census Tract 49, Mecklenburg County, North Carolina",422,94,17,15,0,12,0,12,0,12,0,12,0,12,0,12,0,12,0,12,5,7,4,6,17,14,15,16,37,22,37,21,124,49,27,19,17,13,37,20,32,26,42,29,11,20,0,12,0,12
1400000US37119005000,37119005000,"Census Tract 50, Mecklenburg County, North Carolina",1113,157,8,11,0,12,0,12,0,12,0,12,5,10,12,14,0,12,0,12,0,12,26,31,5,7,39,34,94,49,0,12,341,111,71,42,45,29,227,76,63,43,145,71,30,26,2,3,0,12
1400000US37119005100,37119005100,"Census Tract 51, Mecklenburg County, North Carolina",1738,225,7,11,0,12,0,12,0,12,0,12,0,12,5,8,8,13,6,8,0,12,38,34,109,53,45,38,120,60,35,42,503,117,111,70,100,57,328,102,92,49,156,67,65,68,0,12,10,14
1400000US37119005200,37119005200,"Census Tract 52, Mecklenburg County, North Carolina",1444,244,59,38,0,12,0,12,0,12,10,16,0,12,9,15,0,12,13,17,2,6,32,22,18,23,64,65,136,75,57,41,352,103,33,33,60,36,288,68,99,48,192,61,20,15,0,12,0,12
1400000US37119005301,37119005301,"Census Tract 53.01, Mecklenburg County, North Carolina",2454,267,96,78,0,12,0,12,0,12,7,19,0,12,0,12,52,52,56,43,31,40,75,66,91,52,42,39,100,79,22,25,654,152,67,64,94,77,703,158,127,92,196,111,23,29,0,12,18,30
1400000US37119005305,37119005305,"Census Tract 53.05, Mecklenburg County, North Carolina",3463,345,106,61,0,17,0,17,0,17,14,17,0,17,0,17,0,17,131,92,38,56,33,45,182,115,52,32,125,65,57,40,1117,247,68,50,274,109,702,199,242,126,253,112,69,48,0,17,0,17
1400000US37119005306,37119005306,"Census Tract 53.06, Mecklenburg County, North Carolina",1395,135,13,12,0,12,0,12,0,12,0,12,4,6,14,21,0,12,85,55,38,35,101,57,93,59,18,15,95,50,7,9,341,102,46,27,88,39,205,72,125,61,91,47,27,15,0,12,4,5
1400000US37119005307,37119005307,"Census Tract 53.07, Mecklenburg County, North Carolina",2041,251,54,50,0,12,0,12,0,12,37,40,0,12,45,50,0,12,64,90,17,18,78,62,91,61,21,22,70,60,21,19,629,161,46,41,212,89,376,121,109,54,110,58,52,43,9,14,0,12
1400000US37119005308,37119005308,"Census Tract 53.08, Mecklenburg County, North Carolina",1475,180,64,42,0,12,0,12,0,12,17,26,32,29,13,19,16,26,229,137,46,34,71,43,67,41,60,43,44,32,34,26,405,95,41,35,104,44,111,60,53,32,57,45,11,11,0,12,0,12
1400000US37119005401,37119005401,"Census Tract 54.01, Mecklenburg County, North Carolina",4235,435,54,58,0,17,0,17,0,17,43,70,10,15,0,17,0,17,0,17,0,17,81,76,145,97,70,74,131,85,46,55,1200,311,128,80,309,153,907,239,414,141,533,207,164,95,0,17,0,17
1400000US37119005403,37119005403,"Census Tract 54.03, Mecklenburg County, North Carolina",2804,229,50,41,0,12,0,12,0,12,8,13,7,13,22,31,27,41,0,12,112,69,39,40,16,18,79,67,100,51,100,62,582,176,98,59,135,76,557,158,262,121,427,147,155,74,7,13,21,24
1400000US37119005404,37119005404,"Census Tract 54.04, Mecklenburg County, North Carolina",3347,247,90,63,0,12,0,12,0,12,0,12,0,12,16,28,7,11,100,75,25,27,56,73,115,71,65,39,78,53,12,20,943,237,87,46,189,79,853,162,224,94,310,119,102,57,31,27,44,42
1400000US37119005508,37119005508,"Census Tract 55.08, Mecklenburg County, North Carolina",2862,197,5,9,0,12,0,12,0,12,0,12,0,12,0,12,0,12,0,12,0,12,0,12,47,58,7,11,37,51,10,16,464,135,19,21,55,35,423,145,242,90,1064,214,397,105,66,49,26,31
1400000US37119005509,37119005509,"Census Tract 55.09, Mecklenburg County, North Carolina",3949,269,164,84,0,17,0,17,0,17,0,17,0,17,0,17,0,17,0,17,0,17,0,17,0,17,151,207,0,17,11,31,430,178,53,46,280,104,686,207,408,157,1159,248,543,156,24,38,40,44
1400000US37119005510,37119005510,"Census Tract 55.10, Mecklenburg County, North Carolina",3471,239,100,72,0,17,0,17,0,17,41,46,33,40,12,23,8,14,22,35,71,89,109,63,170,100,0,17,84,55,33,31,748,160,116,61,296,116,612,166,360,128,450,129,197,96,9,14,0,17
1400000US37119005511,37119005511,"Census Tract 55.11, Mecklenburg County, North Carolina",2945,409,16,25,0,12,0,12,0,12,0,12,0,12,7,12,8,12,8,10,0,12,25,30,36,41,0,12,15,20,9,14,268,90,65,68,292,175,817,285,216,112,824,183,316,101,8,12,15,17
1400000US37119005512,37119005512,"Census Tract 55.12, Mecklenburg County, North Carolina",3245,219,52,62,0,17,0,17,0,17,0,17,0,17,3,9,3,7,43,38,0,17,31,41,46,42,68,59,55,47,0,17,798,210,90,62,251,89,537,158,382,170,708,159,151,81,21,23,6,10
1400000US37119005513,37119005513,"Census Tract 55.13, Mecklenburg County, North Carolina",2951,274,32,39,0,12,0,12,0,12,0,12,0,12,0,12,43,66,0,12,0,12,10,16,0,12,0,12,18,20,0,12,403,132,65,49,123,56,383,100,354,116,1046,184,376,105,47,36,51,44
1400000US37119005514,37119005514,"Census Tract 55.14, Mecklenburg County, North Carolina",5003,426,0,17,0,17,0,17,0,17,0,17,0,17,0,17,0,17,0,17,0,17,0,17,0,17,18,28,59,59,17,28,553,175,128,138,283,131,1028,297,578,183,1507,321,669,166,65,49,98,82
1400000US37119005515,37119005515,"Census Tract 55.15, Mecklenburg County, North Carolina",1658,130,0,12,0,12,0,12,0,12,0,12,0,12,0,12,0,12,18,29,0,12,0,12,9,15,12,19,0,12,0,12,191,85,29,26,42,24,228,80,203,83,609,125,296,112,21,21,0,12
1400000US37119005516,37119005516,"Census Tract 55.16, Mecklenburg County, North Carolina",1200,77,0,12,0,12,0,12,0,12,0,12,0,12,0,12,9,13,0,12,0,12,12,18,0,12,0,12,5,7,0,12,157,72,24,26,33,22,161,55,160,52,374,90,149,62,19,15,97,75
1400000US37119005517,37119005517,"Census Tract 55.17, Mecklenburg County, North Carolina",2972,206,11,17,0,12,0,12,0,12,0,12,0,12,0,12,0,12,0,12,7,11,0,12,0,12,9,14,8,13,34,44,261,85,16,18,152,78,529,134,342,96,1070,151,431,101,61,40,41,34
1400000US37119005518,37119005518,"Census Tract 55.18, Mecklenburg County, North Carolina",3845,270,0,17,0,17,0,17,0,17,0,17,0,17,0,17,17,26,0,17,20,31,0,17,27,45,38,36,73,52,39,32,699,257,65,34,207,90,438,169,319,125,1194,219,577,155,81,56,51,38
1400000US37119005519,37119005519,"Census Tract 55.19, Mecklenburg County, North Carolina",3192,207,32,49,0,12,0,12,0,12,0,12,0,12,0,12,0,12,0,12,0,12,33,43,19,33,9,14,10,16,18,21,388,103,55,56,80,53,639,182,291,108,1062,154,464,115,65,39,27,26
1400000US37119005520,37119005520,"Census Tract 55.20, Mecklenburg County, North Carolina",2906,283,31,40,0,12,0,12,0,12,15,23,0,12,29,46,0,12,0,12,0,12,30,31,13,21,8,15,0,12,41,33,308,95,65,45,141,73,430,163,251,109,932,196,420,152,133,74,59,39
1400000US37119005521,37119005521,"Census Tract 55.21, Mecklenburg County, North Carolina",4579,425,161,146,14,22,0,17,0,17,0,17,0,17,0,17,0,17,0,17,0,17,0,17,0,17,25,38,41,64,42,45,841,223,84,104,184,101,817,189,338,152,1479,383,476,168,55,48,22,28
1400000US37119005522,37119005522,"Census Tract 55.22, Mecklenburg County, North Carolina",3230,258,11,21,0,12,0,12,0,12,0,12,0,12,0,12,0,12,0,12,0,12,31,36,45,67,61,90,0,12,0,12,621,239,48,62,162,124,366,172,345,132,925,221,564,199,39,44,12,19
1400000US37119005523,37119005523,"Census Tract 55.23, Mecklenburg County, North Carolina",3323,431,28,38,15,25,0,17,0,17,0,17,0,17,0,17,0,17,0,17,13,29,28,60,0,17,0,17,12,19,33,38,439,129,43,62,42,41,491,233,234,128,1223,341,474,180,15,24,233,138
1400000US37119005524,37119005524,"Census Tract 55.24, Mecklenburg County, North Carolina",6307,501,30,32,0,17,0,17,0,17,6,13,14,28,0,17,6,12,22,34,29,39,22,27,75,104,6,13,31,33,108,84,1263,420,132,91,181,116,1235,306,411,156,1841,393,824,249,27,44,44,50
1400000US37119005604,37119005604,"Census Tract 56.04, Mecklenburg County, North Carolina",610,127,9,13,0,17,0,17,0,17,0,17,0,17,0,17,0,17,0,17,0,17,0,17,11,16,0,17,0,17,0,17,110,107,5,8,5,7,99,45,50,40,206,87,97,54,5,8,13,14
1400000US37119005605,37119005605,"Census Tract 56.05, Mecklenburg County, North Carolina",3351,367,17,31,0,17,0,17,0,17,0,17,15,23,0,17,0,17,0,17,0,17,33,39,0,17,18,25,65,64,24,37,394,200,200,174,281,169,637,231,285,187,967,269,328,176,76,94,11,21
1400000US37119005609,37119005609,"Census Tract 56.09, Mecklenburg County, North Carolina",1050,287,8,15,0,12,0,12,0,12,0,12,8,16,0,12,0,12,17,26,17,28,1,4,12,20,28,34,6,11,0,12,182,103,62,40,21,26,162,83,45,59,453,225,25,28,0,12,3,7
1400000US37119005610,37119005610,"Census Tract 56.10, Mecklenburg County, North Carolina",1746,217,16,25,0,12,0,12,0,12,0,12,33,53,0,12,0,12,25,37,40,44,0,12,9,34,29,30,22,36,53,47,320,127,40,34,84,51,299,98,246,121,410,111,83,64,22,25,15,18
1400000US37119005611,37119005611,"Census Tract 56.11, Mecklenburg County, North Carolina",1747,129,2,5,0,12,0,12,0,12,0,12,0,12,0,12,0,12,0,12,3,7,10,15,19,18,16,21,28,29,37,27,234,59,16,15,115,63,436,102,158,69,521,83,142,49,10,14,0,12
1400000US37119005612,37119005612,"Census Tract 56.12, Mecklenburg County, North Carolina",2983,252,61,44,0,12,0,12,0,12,11,17,6,11,0,12,0,12,0,12,38,34,14,19,77,62,61,42,30,29,11,18,266,113,58,41,190,82,665,236,182,88,1047,220,232,89,34,28,0,12
1400000US37119005613,37119005613,"Census Tract 56.13, Mecklenburg County, North Carolina",1535,114,0,12,0,12,0,12,0,12,0,12,0,12,0,12,0,12,19,26,34,30,10,16,0,12,25,37,49,48,10,16,277,91,47,53,95,57,293,90,134,59,325,83,166,69,17,27,34,36
1400000US37119005614,37119005614,"Census Tract 56.14, Mecklenburg County, North Carolina",4376,362,0,17,0,17,0,17,0,17,0,17,0,17,0,17,0,17,9,15,0,17,12,22,30,49,0,17,15,24,0,17,590,288,25,33,119,78,788,234,438,161,1237,275,902,243,160,113,51,43
1400000US37119005615,37119005615,"Census Tract 56.15, Mecklenburg County, North Carolina",960,98,32,26,0,12,0,12,0,12,0,12,0,12,0,12,0,12,33,26,0,12,12,16,15,19,11,15,3,5,6,8,110,48,18,18,41,28,149,65,111,56,263,83,135,42,15,15,6,9
1400000US37119005616,37119005616,"Census Tract 56.16, Mecklenburg County, North Carolina",1064,136,12,18,0,12,0,12,13,19,0,12,0,12,0,12,8,14,30,36,9,12,40,38,21,25,16,24,18,18,32,24,221,72,25,25,60,33,157,69,82,41,203,72,105,56,6,9,6,10
1400000US37119005617,37119005617,"Census Tract 56.17, Mecklenburg County, North Carolina",1280,131,39,42,0,12,0,12,0,12,0,12,0,12,11,24,0,12,0,12,0,12,0,12,28,34,0,12,33,30,48,39,317,96,33,25,121,60,128,64,136,60,247,72,100,49,8,11,31,36
1400000US37119005618,37119005618,"Census Tract 56.18, Mecklenburg County, North Carolina",2292,144,0,12,0,12,0,12,0,12,0,12,0,12,0,12,0,12,0,12,0,12,0,12,11,18,48,57,22,32,42,41,376,147,65,59,167,87,327,125,161,85,673,162,349,106,22,26,29,25
1400000US37119005619,37119005619,"Census Tract 56.19, Mecklenburg County, North Carolina",2833,268,8,13,0,12,0,12,0,12,0,12,0,12,0,12,0,12,21,33,35,42,0,12,8,13,0,12,20,24,35,45,366,131,70,44,173,66,602,160,434,132,658,199,377,162,26,28,0,12
1400000US37119005620,37119005620,"Census Tract 56.20, Mecklenburg County, North Carolina",4737,406,177,166,32,50,0,17,32,49,2,4,0,17,0,17,0,17,37,57,0,17,0,17,46,44,70,57,72,71,137,87,892,271,180,120,332,120,701,287,372,184,1195,317,400,178,21,33,39,45
1400000US37119005621,37119005621,"Census Tract 56.21, Mecklenburg County, North Carolina",2840,179,0,12,0,12,0,12,0,12,0,12,0,12,22,28,0,12,0,12,0,12,8,18,0,12,28,24,8,12,20,25,445,116,64,48,157,70,479,108,285,89,881,150,371,119,10,15,62,45
1400000US37119005706,37119005706,"Census Tract 57.06, Mecklenburg County, North Carolina",4898,349,61,68,0,17,0,17,0,17,49,77,0,17,0,17,7,15,52,81,35,56,59,59,15,25,81,59,38,40,63,65,1321,313,149,74,312,117,1035,239,312,124,1107,258,202,97,0,17,0,17
1400000US37119005709,37119005709,"Census Tract 57.09, Mecklenburg County, North Carolina",2951,226,16,18,0,12,0,12,0,12,0,12,0,12,0,12,0,12,0,12,0,12,36,36,1,4,12,19,19,22,115,90,594,168,105,71,90,51,435,139,236,84,883,154,277,87,90,50,42,33
1400000US37119005710,37119005710,"Census Tract 57.10, Mecklenburg County, North Carolina",3206,310,0,12,0,12,0,12,0,12,0,12,0,12,0,12,0,12,29,43,0,12,78,62,35,34,31,33,44,36,51,43,909,182,102,76,219,104,575,170,302,104,628,169,120,66,7,11,76,63
1400000US37119005711,37119005711,"Census Tract 57.11, Mecklenburg County, North Carolina",5017,489,0,17,0,17,0,17,0,17,0,17,0,17,0,17,0,17,0,17,16,27,17,28,0,17,17,27,59,48,89,64,824,223,93,129,357,141,913,329,496,210,1407,251,420,160,224,111,85,68
1400000US37119005712,37119005712,"Census Tract 57.12, Mecklenburg County, North Carolina",3003,211,22,30,0,12,0,12,0,12,0,12,35,52,0,12,35,52,0,12,0,12,0,12,43,42,10,16,36,37,35,35,503,111,81,65,287,99,642,203,301,104,615,128,350,126,0,12,8,14
1400000US37119005713,37119005713,"Census Tract 57.13, Mecklenburg County, North Carolina",2877,190,13,22,0,12,0,12,0,12,0,12,0,12,0,12,0,12,0,12,0,12,49,47,14,15,23,27,21,25,30,26,662,151,74,52,114,58,363,116,250,86,932,159,239,92,62,47,31,30
1400000US37119005714,37119005714,"Census Tract 57.14, Mecklenburg County, North Carolina",3454,263,7,12,0,17,0,17,0,17,0,17,0,17,12,19,0,17,12,19,0,17,11,18,30,26,91,56,7,11,8,12,549,138,206,151,186,70,612,175,276,76,1010,137,331,97,46,32,60,73
1400000US37119005715,37119005715,"Census Tract 57.15, Mecklenburg County, North Carolina",1985,183,26,22,0,12,0,12,0,12,0,12,0,12,0,12,0,12,0,12,0,12,8,13,5,8,20,18,22,18,10,11,518,97,94,40,127,48,404,90,250,108,374,83,87,37,23,23,17,18
1400000US37119005716,37119005716,"Census Tract 57.16, Mecklenburg County, North Carolina",3010,321,21,30,0,12,0,12,0,12,0,12,0,12,0,12,0,12,111,103,45,56,23,36,42,56,41,53,58,48,108,73,560,176,222,124,82,54,487,133,280,86,703,147,201,73,16,17,10,16
1400000US37119005717,37119005717,"Census Tract 57.17, Mecklenburg County, North Carolina",4340,372,0,17,0,17,0,17,0,17,0,17,15,26,0,17,25,35,49,77,0,17,9,16,24,31,0,17,117,113,127,139,1025,374,120,96,330,153,716,241,374,156,1124,273,241,120,26,34,18,28
1400000US37119005811,37119005811,"Census Tract 58.11, Mecklenburg County, North Carolina",3293,271,10,17,0,12,0,12,0,12,0,12,0,12,0,12,0,12,0,12,0,12,0,12,11,17,10,15,18,27,36,33,480,144,36,30,287,102,566,143,334,124,943,181,435,115,96,57,31,28
1400000US37119005812,37119005812,"Census Tract 58.12, Mecklenburg County, North Carolina",4766,357,14,22,0,17,0,17,0,17,0,17,0,17,0,17,0,17,0,17,0,17,28,42,52,66,77,80,36,44,61,77,842,238,116,100,201,151,825,219,327,134,1526,215,455,152,107,69,99,92
1400000US37119005815,37119005815,"Census Tract 58.15, Mecklenburg County, North Carolina",2595,206,9,13,0,12,0,12,0,12,0,12,0,12,0,12,0,12,0,12,24,35,12,19,0,12,0,12,0,12,6,11,322,122,34,45,98,61,496,176,117,60,927,149,435,119,66,38,49,37
1400000US37119005816,37119005816,"Census Tract 58.16, Mecklenburg County, North Carolina",3007,160,0,12,0,12,0,12,0,12,0,12,0,12,0,12,0,12,0,12,0,12,0,12,0,12,0,12,0,12,77,48,179,68,12,20,83,48,374,128,122,65,1399,196,495,118,220,80,46,43
1400000US37119005817,37119005817,"Census Tract 58.17, Mecklenburg County, North Carolina",3055,191,10,16,0,12,0,12,0,12,0,12,0,12,0,12,0,12,44,66,0,12,0,12,30,49,41,65,0,12,17,26,208,84,93,64,79,38,401,125,156,59,1152,168,601,157,183,85,40,29
1400000US37119005823,37119005823,"Census Tract 58.23, Mecklenburg County, North Carolina",5306,346,33,54,0,17,0,17,0,17,0,17,0,17,0,17,0,17,9,15,16,27,16,26,0,17,15,24,108,102,44,42,735,233,25,28,170,100,561,171,329,180,2190,271,790,220,231,118,34,38
1400000US37119005824,37119005824,"Census Tract 58.24, Mecklenburg County, North Carolina",2231,233,70,48,0,12,0,12,0,12,0,12,21,27,0,12,12,20,134,85,18,18,56,41,72,55,55,47,53,47,61,37,634,164,36,36,91,45,288,83,131,59,368,105,100,54,23,28,8,13
1400000US37119005825,37119005825,"Census Tract 58.25, Mecklenburg County, North Carolina",3566,239,56,57,0,12,0,12,0,12,0,12,0,12,0,12,0,12,0,12,0,12,45,65,34,36,12,20,99,94,18,28,669,224,74,53,160,106,719,192,244,108,1061,261,363,234,12,20,0,12
1400000US37119005826,37119005826,"Census Tract 58.26, Mecklenburg County, North Carolina",1986,205,50,43,0,12,0,12,0,12,0,12,0,12,0,12,11,20,18,28,0,12,14,16,0,12,0,12,38,36,26,27,225,96,101,73,112,54,332,84,305,97,621,159,127,68,0,12,6,9
1400000US37119005827,37119005827,"Census Tract 58.27, Mecklenburg County, North Carolina",1995,257,12,23,0,12,0,12,0,12,0,12,30,41,0,12,0,12,0,12,0,12,0,12,134,114,4,9,22,38,12,18,444,154,100,104,61,40,463,166,114,63,459,194,93,54,47,47,0,12
1400000US37119005828,37119005828,"Census Tract 58.28, Mecklenburg County, North Carolina",2815,141,0,12,0,12,0,12,0,12,0,12,8,13,0,12,0,12,8,12,0,12,0,12,0,12,9,13,17,17,19,22,308,90,15,23,85,54,239,93,192,86,1320,166,400,104,142,58,53,41
1400000US37119005829,37119005829,"Census Tract 58.29, Mecklenburg County, North Carolina",1639,246,11,24,0,12,0,12,0,12,11,24,0,12,31,50,0,12,0,12,0,12,37,46,0,12,11,24,0,12,8,14,326,150,22,25,87,53,354,147,146,96,451,159,121,71,18,19,5,9
1400000US37119005830,37119005830,"Census Tract 58.30, Mecklenburg County, North Carolina",2796,156,0,12,0,12,0,12,0,12,0,12,0,12,0,12,2,6,34,34,0,12,0,12,34,44,44,46,8,13,46,36,559,113,61,40,254,76,500,140,182,103,730,133,256,89,86,87,0,12
1400000US37119005831,37119005831,"Census Tract 58.31, Mecklenburg County, North Carolina",3629,276,0,17,0,17,0,17,0,17,0,17,0,17,0,17,0,17,0,17,0,17,18,24,15,25,0,17,9,14,31,34,409,171,121,86,203,105,462,170,394,143,1539,259,381,158,30,36,17,27
1400000US37119005832,37119005832,"Census Tract 58.32, Mecklenburg County, North Carolina",1842,91,0,12,0,12,0,12,0,12,0,12,0,12,0,12,0,12,0,12,0,12,0,12,0,12,0,12,0,12,6,10,163,99,3,6,40,24,69,43,80,40,782,117,484,85,173,62,42,24
1400000US37119005833,37119005833,"Census Tract 58.33, Mecklenburg County, North Carolina",3930,212,51,48,0,17,0,17,0,17,0,17,0,17,0,17,0,17,0,17,8,18,32,37,0,17,0,17,40,45,16,23,429,108,9,15,167,69,363,113,204,75,1640,223,656,140,196,92,119,57
1400000US37119005834,37119005834,"Census Tract 58.34, Mecklenburg County, North Carolina",2874,246,23,30,0,12,0,12,0,12,0,12,12,17,0,12,0,12,60,57,0,12,23,24,13,18,16,24,51,53,27,25,411,112,113,62,79,44,375,101,208,76,974,184,397,113,38,31,54,41
1400000US37119005835,37119005835,"Census Tract 58.35, Mecklenburg County, North Carolina",2079,103,0,12,0,12,0,12,0,12,0,12,0,12,0,12,0,12,0,12,5,8,13,14,23,17,10,12,0,12,18,20,338,78,21,26,159,55,294,68,100,35,775,127,257,72,41,34,25,20
1400000US37119005836,37119005836,"Census Tract 58.36, Mecklenburg County, North Carolina",2674,216,19,23,0,12,0,12,0,12,0,12,1,13,0,12,8,13,8,17,25,39,11,18,52,52,7,14,15,24,30,33,384,109,112,72,217,80,453,132,228,84,775,195,301,113,18,20,10,15
1400000US37119005837,37119005837,"Census Tract 58.37, Mecklenburg County, North Carolina",4916,290,0,17,0,17,0,17,0,17,0,17,0,17,0,17,0,17,0,17,0,17,43,72,33,43,24,44,0,17,0,17,288,163,24,30,158,119,502,221,410,156,2045,347,1028,248,294,150,67,53
1400000US37119005838,37119005838,"Census Tract 58.38, Mecklenburg County, North Carolina",5332,350,0,17,0,17,0,17,0,17,0,17,0,17,0,17,63,87,0,17,0,17,0,17,0,17,0,17,42,35,14,23,427,196,166,103,143,86,584,221,250,98,2263,323,1146,279,144,121,90,73
1400000US37119005839,37119005839,"Census Tract 58.39, Mecklenburg County, North Carolina",1925,168,0,12,0,12,0,12,0,12,0,12,0,12,0,12,0,12,0,12,38,43,6,10,0,12,0,12,0,12,15,17,224,82,38,29,53,27,346,112,105,68,692,102,276,156,88,69,44,48
1400000US37119005840,37119005840,"Census Tract 58.40, Mecklenburg County, North Carolina",1483,127,19,15,0,12,0,12,0,12,0,12,0,12,0,12,0,12,23,34,0,12,0,12,12,17,4,6,0,12,14,14,70,42,15,18,59,35,166,70,88,40,716,125,243,68,43,30,11,18
1400000US37119005841,37119005841,"Census Tract 58.41, Mecklenburg County, North Carolina",4173,244,17,27,0,17,0,17,0,17,0,17,0,17,0,17,0,17,15,27,0,17,0,17,19,31,20,31,29,33,13,21,331,140,70,68,108,59,381,152,282,129,1775,266,811,179,213,106,89,58
1400000US37119005842,37119005842,"Census Tract 58.42, Mecklenburg County, North Carolina",4260,321,58,52,0,17,0,17,0,17,0,17,0,17,0,17,0,17,0,17,0,17,13,23,14,23,14,24,14,22,42,40,529,167,14,22,319,131,497,224,235,112,1554,309,887,284,56,71,14,22
1400000US37119005843,37119005843,"Census Tract 58.43, Mecklenburg County, North Carolina",2078,113,24,42,0,12,0,12,0,12,0,12,0,12,0,12,0,12,7,12,0,12,0,12,0,12,0,12,17,19,30,29,177,55,7,12,145,64,359,103,135,65,841,124,253,104,45,31,38,56
1400000US37119005844,37119005844,"Census Tract 58.44, Mecklenburg County, North Carolina",5033,374,40,47,0,17,0,17,0,17,0,17,0,17,0,17,0,17,0,17,0,17,17,29,0,17,0,17,0,17,13,21,390,153,0,17,254,119,531,185,293,132,2302,315,988,208,54,59,151,79
1400000US37119005845,37119005845,"Census Tract 58.45, Mecklenburg County, North Carolina",2773,143,12,19,0,12,0,12,0,12,0,12,0,12,0,12,0,12,0,12,16,25,0,12,0,12,0,12,0,12,40,48,218,78,0,12,148,81,196,79,174,91,1336,160,532,121,77,54,24,28
1400000US37119005846,37119005846,"Census Tract 58.46, Mecklenburg County, North Carolina",2551,114,34,26,0,12,0,12,0,12,0,12,0,12,0,12,0,12,0,12,0,12,0,12,0,12,6,9,0,12,0,12,84,48,28,30,117,59,273,83,73,41,1367,147,435,106,91,42,43,29
1400000US37119005847,37119005847,"Census Tract 58.47, Mecklenburg County, North Carolina",3136,157,0,12,0,12,0,12,0,12,0,12,0,12,10,16,0,12,0,12,0,12,8,12,7,12,24,26,18,21,18,20,289,105,22,23,134,61,188,62,248,67,1463,192,518,119,90,52,99,56
1400000US37119005848,37119005848,"Census Tract 58.48, Mecklenburg County, North Carolina",3541,123,22,26,0,17,0,17,0,17,0,17,0,17,0,17,0,17,10,17,0,17,8,12,36,52,10,15,9,13,19,22,267,87,18,17,110,49,359,101,223,85,1701,187,494,113,181,62,74,50
1400000US37119005906,37119005906,"Census Tract 59.06, Mecklenburg County, North Carolina",3073,261,7,11,0,12,0,12,0,12,0,12,23,37,12,18,25,30,102,78,25,39,14,16,170,102,77,58,88,68,6,11,857,189,187,87,194,69,473,151,225,75,345,125,157,63,39,31,47,35
1400000US37119005907,37119005907,"Census Tract 59.07, Mecklenburg County, North Carolina",3283,198,30,28,0,17,0,17,0,17,0,17,0,17,0,17,0,17,11,18,0,17,47,38,38,46,5,10,44,44,53,41,435,139,65,48,138,73,527,178,199,101,1058,157,495,129,112,69,26,25
1400000US37119005908,37119005908,"Census Tract 59.08, Mecklenburg County, North Carolina",1221,107,0,12,0,12,0,12,0,12,0,12,0,12,0,12,0,12,6,10,0,12,7,9,6,9,16,25,0,12,18,17,172,58,12,13,75,39,135,50,92,43,496,88,119,45,40,24,27,21
1400000US37119005909,37119005909,"Census Tract 59.09, Mecklenburg County, North Carolina",5258,407,19,32,0,17,0,17,0,17,0,17,0,17,0,17,0,17,20,33,18,30,36,41,0,17,124,113,197,141,54,58,1347,404,65,53,266,112,840,234,340,128,1352,309,471,173,73,53,36,46
1400000US37119005910,37119005910,"Census Tract 59.10, Mecklenburg County, North Carolina",3653,261,17,26,0,17,0,17,0,17,0,17,0,17,0,17,0,17,11,17,0,17,79,67,58,56,18,23,113,113,57,44,535,152,81,58,419,140,794,171,230,99,931,205,244,115,48,40,18,27
1400000US37119005911,37119005911,"Census Tract 59.11, Mecklenburg County, North Carolina",3910,231,34,40,0,17,0,17,0,17,0,17,0,17,0,17,0,17,0,17,0,17,0,17,32,29,44,33,8,13,77,70,568,176,63,51,265,119,603,131,356,102,1295,192,294,100,255,123,16,19
1400000US37119005912,37119005912,"Census Tract 59.12, Mecklenburg County, North Carolina",3539,221,12,18,0,17,0,17,0,17,0,17,66,70,0,17,0,17,61,60,38,36,7,12,26,41,34,28,12,21,65,46,715,171,94,60,247,95,609,183,337,104,929,210,241,87,24,22,22,18
1400000US37119005913,37119005913,"Census Tract 59.13, Mecklenburg County, North Carolina",4432,283,143,103,0,17,0,17,0,17,4,8,16,29,0,17,39,43,164,124,0,17,42,50,64,53,82,73,124,83,95,74,959,280,244,103,398,177,609,212,446,217,716,215,287,132,0,17,0,17
1400000US37119005914,37119005914,"Census Tract 59.14, Mecklenburg County, North Carolina",4573,415,1,3,0,17,0,17,0,17,0,17,0,17,0,17,32,51,50,69,74,96,0,17,22,37,0,17,1,4,60,70,533,138,65,60,445,137,932,326,498,166,1331,281,492,179,0,17,37,39
1400000US37119005915,37119005915,"Census Tract 59.15, Mecklenburg County, North Carolina",1491,146,6,10,0,12,0,12,0,12,0,12,0,12,0,12,0,12,46,69,0,12,0,12,0,12,7,12,0,12,0,12,128,62,14,21,44,32,200,73,115,50,597,136,195,66,99,51,40,26
1400000US37119005916,37119005916,"Census Tract 59.16, Mecklenburg County, North Carolina",1590,198,35,29,0,12,0,12,0,12,0,12,0,12,0,12,4,6,44,42,2,5,4,7,3,5,42,37,101,60,13,18,569,171,72,40,94,43,233,77,78,45,211,93,45,27,27,34,13,15
1400000US37119005917,37119005917,"Census Tract 59.17, Mecklenburg County, North Carolina",4086,302,23,32,0,17,0,17,0,17,0,17,0,17,0,17,0,17,27,38,0,17,0,17,54,75,0,17,0,17,58,64,683,225,173,102,249,124,976,278,199,92,1051,255,489,163,55,89,49,62
1400000US37119005918,37119005918,"Census Tract 59.18, Mecklenburg County, North Carolina",2496,198,0,12,0,12,0,12,0,12,0,12,0,12,0,12,0,12,0,12,0,12,9,14,48,53,6,9,27,30,36,30,477,173,101,73,212,95,461,196,235,104,620,127,194,69,58,39,12,19
1400000US37119006005,37119006005,"Census Tract 60.05, Mecklenburg County, North Carolina",2019,227,27,32,0,12,0,12,0,12,0,12,0,12,0,12,0,12,0,12,60,53,28,32,30,40,62,53,52,36,14,21,615,115,39,36,130,82,422,153,173,82,270,87,97,53,0,12,0,12
1400000US37119006006,37119006006,"Census Tract 60.06, Mecklenburg County, North Carolina",4864,617,172,132,0,17,0,17,0,17,0,17,0,17,70,105,0,17,54,93,79,75,108,121,275,205,443,350,155,148,57,55,1245,313,177,107,226,102,730,229,385,153,454,164,128,84,106,103,0,17
1400000US37119006007,37119006007,"Census Tract 60.07, Mecklenburg County, North Carolina",4754,294,46,55,0,17,0,17,0,17,0,17,0,17,0,17,0,17,62,103,112,90,23,38,0,17,13,29,50,78,0,17,604,274,157,110,330,175,531,171,486,200,1812,336,459,148,58,57,11,29
1400000US37119006008,37119006008,"Census Tract 60.08, Mecklenburg County, North Carolina",2723,150,21,24,0,12,0,12,0,12,0,12,0,12,0,12,0,12,0,12,26,39,0,12,7,11,38,31,57,46,67,44,635,128,38,28,158,65,430,119,276,100,747,149,182,72,22,24,19,20
1400000US37119006009,37119006009,"Census Tract 60.09, Mecklenburg County, North Carolina",2037,202,16,21,0,12,0,12,0,12,0,12,0,12,0,12,0,12,0,12,0,12,0,12,70,66,47,48,28,42,32,40,371,113,60,36,138,90,327,112,287,112,482,159,156,81,8,12,15,18
1400000US37119006010,37119006010,"Census Tract 60.10, Mecklenburg County, North Carolina",4037,352,90,82,0,17,0,17,0,17,74,66,0,17,0,17,50,83,49,66,0,17,37,56,134,100,9,15,100,73,115,90,830,252,108,75,327,191,776,258,421,170,640,221,225,129,10,19,42,43
1400000US37119006103,37119006103,"Census Tract 61.03, Mecklenburg County, North Carolina",2593,219,17,20,0,12,0,12,0,12,0,12,0,12,0,12,10,15,10,15,0,12,0,12,0,12,32,43,15,18,31,28,282,103,86,70,148,68,410,104,272,115,850,179,292,91,117,83,21,26
1400000US37119006104,37119006104,"Census Tract 61.04, Mecklenburg County, North Carolina",6180,395,74,74,0,17,0,17,0,17,0,17,0,17,0,17,0,17,0,17,0,17,0,17,35,41,196,92,200,196,21,26,1564,341,166,97,487,174,1145,326,387,164,1616,308,273,127,0,17,16,27
1400000US37119006105,37119006105,"Census Tract 61.05, Mecklenburg County, North Carolina",1867,158,0,12,0,12,0,12,0,12,0,12,0,12,0,12,32,47,7,12,25,38,5,8,53,49,6,9,30,29,21,17,304,86,77,43,167,63,307,82,174,68,489,138,157,57,7,10,6,9
1400000US37119006106,37119006106,"Census Tract 61.06, Mecklenburg County, North Carolina",2896,246,19,21,0,12,0,12,0,12,0,12,0,12,0,12,0,12,0,12,0,12,24,39,19,29,41,46,0,12,11,18,479,126,19,20,141,70,580,188,455,142,747,170,341,114,5,10,15,17
1400000US37119006107,37119006107,"Census Tract 61.07, Mecklenburg County, North Carolina",3410,338,29,29,0,17,0,17,0,17,0,17,0,17,0,17,0,17,8,31,0,17,31,32,11,21,0,17,17,20,18,28,516,154,54,54,121,64,676,259,329,144,982,300,530,217,62,70,26,23
1400000US37119006108,37119006108,"Census Tract 61.08, Mecklenburg County, North Carolina",2992,255,59,62,0,12,0,12,0,12,0,12,12,20,14,22,0,12,44,59,0,12,28,33,21,33,52,49,25,33,129,62,440,137,154,117,162,80,559,184,338,154,610,193,333,171,0,12,12,19
1400000US37119006109,37119006109,"Census Tract 61.09, Mecklenburg County, North Carolina",3065,322,12,19,0,12,0,12,0,12,0,12,0,12,7,13,0,12,26,28,38,36,45,36,40,31,154,67,198,73,61,43,714,190,242,97,159,80,448,127,155,81,476,158,260,100,21,25,9,15
1400000US37119006203,37119006203,"Census Tract 62.03, Mecklenburg County, North Carolina",3976,259,0,17,0,17,0,17,0,17,0,17,0,17,0,17,0,17,0,17,0,17,0,17,0,17,13,24,0,17,15,25,470,136,47,50,246,120,545,180,469,194,1421,216,472,151,216,105,62,42
1400000US37119006204,37119006204,"Census Tract 62.04, Mecklenburg County, North Carolina",5588,366,30,48,0,17,0,17,0,17,0,17,0,17,0,17,0,17,0,17,0,17,19,30,0,17,0,17,31,47,0,17,523,172,20,32,187,96,705,190,350,122,2157,327,1092,212,323,120,151,104
1400000US37119006208,37119006208,"Census Tract 62.08, Mecklenburg County, North Carolina",2050,148,0,12,0,12,0,12,0,12,0,12,0,12,0,12,0,12,0,12,24,33,0,12,0,12,0,12,6,10,20,22,306,101,37,39,127,62,248,100,230,91,720,143,314,136,12,14,6,10
1400000US37119006209,37119006209,"Census Tract 62.09, Mecklenburg County, North Carolina",3184,281,19,29,0,12,0,12,0,12,0,12,0,12,0,12,13,22,12,19,0,12,0,12,21,32,0,12,0,12,8,13,494,237,97,76,109,65,623,230,208,147,1070,200,347,154,115,87,48,59
1400000US37119006210,37119006210,"Census Tract 62.10, Mecklenburg County, North Carolina",3038,191,12,19,0,12,0,12,0,12,0,12,0,12,0,12,11,16,8,14,0,12,0,12,5,11,0,12,9,14,21,21,377,113,18,19,220,79,390,148,189,81,1163,152,423,105,142,68,50,33
1400000US37119006211,37119006211,"Census Tract 62.11, Mecklenburg County, North Carolina",3955,251,22,33,0,17,0,17,0,17,1,4,0,17,0,17,0,17,0,17,0,17,0,17,0,17,10,15,14,21,0,17,242,117,81,86,297,140,248,84,305,120,2040,256,502,211,142,92,51,59
1400000US37119006212,37119006212,"Census Tract 62.12, Mecklenburg County, North Carolina",2413,168,0,12,0,12,0,12,0,12,0,12,0,12,0,12,0,12,5,10,4,9,4,10,13,28,4,9,5,10,0,12,232,86,9,14,177,72,496,153,205,84,980,224,232,91,41,43,6,10
1400000US37119006213,37119006213,"Census Tract 62.13, Mecklenburg County, North Carolina",3916,260,0,17,0,17,0,17,0,17,0,17,0,17,0,17,0,17,0,17,0,17,7,11,0,17,29,36,0,17,0,17,438,169,23,26,300,138,565,180,298,135,1534,245,639,160,76,54,7,13
1400000US37119006214,37119006214,"Census Tract 62.14, Mecklenburg County, North Carolina",2722,159,0,12,0,12,0,12,0,12,0,12,0,12,0,12,0,12,0,12,0,12,0,12,14,23,0,12,0,12,0,12,412,150,24,24,110,53,440,117,259,89,1008,152,372,101,56,47,27,24
1400000US37119006215,37119006215,"Census Tract 62.15, Mecklenburg County, North Carolina",3145,198,22,33,0,12,0,12,0,12,0,12,0,12,0,12,64,65,97,103,0,12,29,36,43,38,82,54,19,22,29,28,605,137,68,40,185,92,404,147,286,119,906,181,142,62,96,78,68,49
1400000US37119006302,37119006302,"Census Tract 63.02, Mecklenburg County, North Carolina",5268,465,2,4,0,17,0,17,0,17,0,17,32,54,0,17,0,17,132,195,1,4,0,17,154,111,55,49,27,36,2,4,827,286,106,76,300,123,703,214,337,116,1837,268,569,159,134,106,50,49
1400000US37119006303,37119006303,"Census Tract 63.03, Mecklenburg County, North Carolina",3475,255,0,17,0,17,0,17,0,17,0,17,0,17,0,17,0,17,0,17,0,17,42,63,0,17,119,81,39,51,74,76,218,118,45,40,309,132,442,142,314,119,1363,260,363,132,12,19,135,102
1400000US37119006304,37119006304,"Census Tract 63.04, Mecklenburg County, North Carolina",4230,325,70,111,0,17,0,17,0,17,0,17,0,17,0,17,0,17,97,95,18,28,42,66,70,96,0,17,39,57,36,39,402,175,44,51,222,108,553,163,286,108,1572,224,625,197,114,94,40,51
1400000US37119006403,37119006403,"Census Tract 64.03, Mecklenburg County, North Carolina",2853,244,1,3,0,17,0,17,0,17,0,17,0,17,0,17,25,40,24,38,0,17,0,17,33,53,0,17,11,17,49,59,461,159,0,17,45,26,443,146,98,45,859,151,510,107,128,62,166,78
1400000US37119006404,37119006404,"Census Tract 64.04, Mecklenburg County, North Carolina",3521,242,55,74,0,17,0,17,0,17,0,17,0,17,0,17,0,17,0,17,0,17,0,17,0,17,11,17,7,13,25,25,274,142,11,16,69,39,201,111,255,84,1309,194,849,162,284,92,171,112
1400000US37119006405,37119006405,"Census Tract 64.05, Mecklenburg County, North Carolina",2731,201,18,26,0,12,0,12,0,12,2,4,0,12,8,12,0,12,0,12,0,12,0,12,0,12,35,44,0,12,7,11,296,126,49,41,71,39,318,109,224,76,1168,157,315,88,162,90,58,63
1400000US37119006406,37119006406,"Census Tract 64.06, Mecklenburg County, North Carolina",4402,292,0,17,0,17,0,17,0,17,0,17,0,17,13,21,25,39,43,36,0,17,0,17,43,51,26,30,26,41,75,59,855,272,94,63,228,107,587,196,659,268,1251,247,400,133,0,17,77,72
1400000US37119006407,37119006407,"Census Tract 64.07, Mecklenburg County, North Carolina",2469,147,25,27,0,12,0,12,0,12,0,12,0,12,0,12,0,12,13,19,0,12,0,12,15,24,14,20,0,12,20,21,275,103,61,40,134,60,315,110,236,87,999,150,300,81,24,22,38,27
1400000US37119980100,37119980100,"Census Tract 9801, Mecklenburg County, North Carolina",0,12,0,12,0,12,0,12,0,12,0,12,0,12,0,12,0,12,0,12,0,12,0,12,0,12,0,12,0,12,0,12,0,12,0,12,0,12,0,12,0,12,0,12,0,12,0,12,0,12
1400000US37119980200,37119980200,"Census Tract 9802, Mecklenburg County, North Carolina",0,12,0,12,0,12,0,12,0,12,0,12,0,12,0,12,0,12,0,12,0,12,0,12,0,12,0,12,0,12,0,12,0,12,0,12,0,12,0,12,0,12,0,12,0,12,0,12,0,12
1400000US37119980300,37119980300,"Census Tract 9803, Mecklenburg County, North Carolina",0,12,0,12,0,12,0,12,0,12,0,12,0,12,0,12,0,12,0,12,0,12,0,12,0,12,0,12,0,12,0,12,0,12,0,12,0,12,0,12,0,12,0,12,0,12,0,12,0,12
