GEO.id,GEO.id2,GEO.display-label,HD01_VD01,HD02_VD01,HD01_VD02,HD02_VD02,HD01_VD03,HD02_VD03,HD01_VD04,HD02_VD04,HD01_VD05,HD02_VD05,HD01_VD06,HD02_VD06,HD01_VD07,HD02_VD07,HD01_VD08,HD02_VD08,HD01_VD09,HD02_VD09,HD01_VD10,HD02_VD10,HD01_VD11,HD02_VD11,HD01_VD12,HD02_VD12,HD01_VD13,HD02_VD13,HD01_VD14,HD02_VD14,HD01_VD15,HD02_VD15,HD01_VD16,HD02_VD16,HD01_VD17,HD02_VD17,HD01_VD18,HD02_VD18,HD01_VD19,HD02_VD19,HD01_VD20,HD02_VD20,HD01_VD21,HD02_VD21,HD01_VD22,HD02_VD22,HD01_VD23,HD02_VD23,HD01_VD24,HD02_VD24,HD01_VD25,HD02_VD25
Id,Id2,Geography,Estimate; Total:,Margin of Error; Total:,Estimate; Total: - No schooling completed,Margin of Error; Total: - No schooling completed,Estimate; Total: - Nursery school,Margin of Error; Total: - Nursery school,Estimate; Total: - Kindergarten,Margin of Error; Total: - Kindergarten,Estimate; Total: - 1st grade,Margin of Error; Total: - 1st grade,Estimate; Total: - 2nd grade,Margin of Error; Total: - 2nd grade,Estimate; Total: - 3rd grade,Margin of Error; Total: - 3rd grade,Estimate; Total: - 4th grade,Margin of Error; Total: - 4th grade,Estimate; Total: - 5th grade,Margin of Error; Total: - 5th grade,Estimate; Total: - 6th grade,Margin of Error; Total: - 6th grade,Estimate; Total: - 7th grade,Margin of Error; Total: - 7th grade,Estimate; Total: - 8th grade,Margin of Error; Total: - 8th grade,Estimate; Total: - 9th grade,Margin of Error; Total: - 9th grade,Estimate; Total: - 10th grade,Margin of Error; Total: - 10th grade,Estimate; Total: - 11th grade,Margin of Error; Total: - 11th grade,"Estimate; Total: - 12th grade, no diploma","Margin of Error; Total: - 12th grade, no diploma",Estimate; Total: - Regular high school diploma,Margin of Error; Total: - Regular high school diploma,Estimate; Total: - GED or alternative credential,Margin of Error; Total: - GED or alternative credential,"Estimate; Total: - Some college, less than 1 year","Margin of Error; Total: - Some college, less than 1 year","Estimate; Total: - Some college, 1 or more years, no degree","Margin of Error; Total: - Some college, 1 or more years, no degree",Estimate; Total: - Associate's degree,Margin of Error; Total: - Associate's degree,Estimate; Total: - Bachelor's degree,Margin of Error; Total: - Bachelor's degree,Estimate; Total: - Master's degree,Margin of Error; Total: - Master's degree,Estimate; Total: - Professional school degree,Margin of Error; Total: - Professional school degree,Estimate; Total: - Doctorate degree,Margin of Error; Total: - Doctorate degree
1400000US18097310103,18097310103,"Census Tract 3101.03, Marion County, Indiana",4705,275,16,22,0,16,0,16,0,16,0,16,0,16,11,17,0,16,0,16,0,16,12,18,0,16,46,44,35,37,54,52,432,142,55,56,149,90,790,212,245,117,1666,240,512,148,411,121,271,101
1400000US18097310104,18097310104,"Census Tract 3101.04, Marion County, Indiana",2816,251,35,39,0,11,0,11,0,11,0,11,0,11,0,11,0,11,0,11,0,11,17,26,28,31,20,35,0,11,0,11,495,166,0,11,143,96,376,134,359,215,969,230,241,107,70,50,63,64
1400000US18097310105,18097310105,"Census Tract 3101.05, Marion County, Indiana",2492,184,2,3,0,11,0,11,0,11,0,11,0,11,0,11,9,15,21,23,0,11,63,52,10,15,0,11,29,47,18,20,354,99,71,55,190,66,415,133,211,82,794,147,232,69,55,38,18,20
1400000US18097310106,18097310106,"Census Tract 3101.06, Marion County, Indiana",2647,338,13,20,0,11,0,11,0,11,0,11,42,66,0,11,0,11,36,38,0,11,16,23,75,81,29,40,14,15,66,50,483,217,68,89,185,129,679,197,80,66,448,149,248,117,113,68,52,46
1400000US18097310108,18097310108,"Census Tract 3101.08, Marion County, Indiana",2620,243,10,15,0,11,0,11,0,11,0,11,0,11,0,11,0,11,0,11,7,14,0,11,0,11,42,57,0,11,5,10,279,140,39,33,67,38,313,132,79,32,891,182,597,137,193,75,98,50
1400000US18097310110,18097310110,"Census Tract 3101.10, Marion County, Indiana",1866,200,15,23,9,14,0,11,0,11,0,11,0,11,0,11,0,11,0,11,0,11,61,68,11,16,0,11,14,18,9,14,173,81,51,53,62,49,242,97,311,105,528,152,268,77,95,52,17,18
1400000US18097310111,18097310111,"Census Tract 3101.11, Marion County, Indiana",2562,241,21,37,0,11,0,11,0,11,22,30,0,11,0,11,0,11,0,11,0,11,34,35,13,21,0,11,75,62,8,12,369,118,135,113,165,86,426,176,239,116,711,238,159,74,101,67,84,69
1400000US18097310201,18097310201,"Census Tract 3102.01, Marion County, Indiana",2276,232,18,27,12,19,0,11,0,11,0,11,0,11,0,11,0,11,0,11,0,11,29,31,7,10,33,26,26,26,44,44,305,126,76,50,74,41,394,141,198,88,779,208,200,75,30,29,51,32
1400000US18097310203,18097310203,"Census Tract 3102.03, Marion County, Indiana",3553,358,28,33,3,7,0,16,0,16,0,16,44,71,0,16,0,16,40,63,4,8,85,94,68,72,60,82,3,8,31,35,668,197,227,146,128,99,450,195,201,132,1012,245,258,112,193,87,50,75
1400000US18097310204,18097310204,"Census Tract 3102.04, Marion County, Indiana",3465,280,96,44,0,16,8,12,0,16,0,16,0,16,0,16,0,16,27,29,0,16,50,49,56,51,44,46,108,81,48,47,733,182,187,108,206,88,548,169,452,139,672,151,181,72,34,31,15,18
1400000US18097310305,18097310305,"Census Tract 3103.05, Marion County, Indiana",3782,321,69,62,16,26,0,16,0,16,0,16,0,16,0,16,0,16,148,173,0,16,127,102,13,22,45,41,172,114,59,51,866,193,168,107,212,118,775,208,232,101,704,174,146,77,15,24,15,24
1400000US18097310306,18097310306,"Census Tract 3103.06, Marion County, Indiana",3529,425,33,36,0,16,0,16,73,113,69,107,0,16,0,16,0,16,46,69,0,16,97,76,110,100,114,106,359,237,109,88,1033,297,206,87,235,126,385,137,295,131,215,100,150,99,0,16,0,16
1400000US18097310308,18097310308,"Census Tract 3103.08, Marion County, Indiana",2212,219,46,40,0,11,0,11,0,11,0,11,0,11,0,11,0,11,46,45,0,11,0,11,24,40,9,14,7,11,0,11,230,103,153,99,192,91,478,183,164,73,528,144,233,84,46,35,56,40
1400000US18097310309,18097310309,"Census Tract 3103.09, Marion County, Indiana",2325,263,27,26,0,11,0,11,0,11,0,11,43,52,0,11,9,14,0,11,15,23,68,69,62,73,8,12,87,90,10,16,560,152,127,102,144,69,368,143,344,149,347,128,106,58,0,11,0,11
1400000US18097310310,18097310310,"Census Tract 3103.10, Marion County, Indiana",2899,198,16,25,0,11,0,11,0,11,0,11,0,11,0,11,0,11,0,11,0,11,0,11,7,11,14,14,82,98,76,59,678,155,86,40,177,86,484,153,306,138,620,136,275,85,69,53,9,15
1400000US18097310311,18097310311,"Census Tract 3103.11, Marion County, Indiana",3423,234,49,56,0,16,0,16,0,16,0,16,0,16,0,16,0,16,40,42,12,19,27,28,17,22,28,30,96,56,11,19,764,170,96,60,234,88,533,154,402,148,628,151,356,113,74,40,56,34
1400000US18097310312,18097310312,"Census Tract 3103.12, Marion County, Indiana",3638,408,39,48,0,16,0,16,0,16,42,61,20,34,45,65,0,16,176,153,0,16,0,16,48,77,13,21,0,16,12,19,787,363,486,194,246,129,533,173,321,193,488,166,280,154,102,72,0,16
1400000US18097320105,18097320105,"Census Tract 3201.05, Marion County, Indiana",3184,349,77,98,0,11,0,11,0,11,0,11,0,11,0,11,28,45,72,63,0,11,21,27,1,16,39,43,60,48,37,37,374,159,136,111,181,90,618,160,141,82,830,206,408,132,130,69,31,36
1400000US18097320106,18097320106,"Census Tract 3201.06, Marion County, Indiana",1634,173,0,11,0,11,0,11,0,11,0,11,0,11,0,11,0,11,0,11,18,38,0,11,9,19,0,11,18,24,19,27,280,128,53,48,36,26,180,76,102,67,547,114,134,64,182,65,56,34
1400000US18097320107,18097320107,"Census Tract 3201.07, Marion County, Indiana",1468,114,5,8,0,11,0,11,0,11,0,11,0,11,0,11,0,11,0,11,0,11,2,5,0,11,0,11,0,11,90,72,117,44,45,25,110,52,175,78,80,31,503,83,192,60,108,42,41,26
1400000US18097320108,18097320108,"Census Tract 3201.08, Marion County, Indiana",3031,357,34,56,0,11,0,11,0,11,0,11,0,11,0,11,8,16,7,16,23,37,90,75,19,25,125,117,8,14,36,34,641,216,87,90,182,122,717,212,381,208,558,193,115,96,0,11,0,11
1400000US18097320109,18097320109,"Census Tract 3201.09, Marion County, Indiana",2074,152,0,11,0,11,0,11,0,11,0,11,0,11,0,11,0,11,0,11,0,11,82,54,0,11,2,6,3,6,12,18,222,79,5,8,132,68,176,61,293,115,679,127,350,69,77,42,41,26
1400000US18097320202,18097320202,"Census Tract 3202.02, Marion County, Indiana",3081,208,26,56,0,11,0,11,0,11,0,11,4,8,20,29,0,11,4,9,0,11,9,14,13,21,14,17,9,19,0,11,315,118,10,15,38,28,272,104,142,66,1252,175,572,130,226,79,155,72
1400000US18097320203,18097320203,"Census Tract 3202.03, Marion County, Indiana",2538,205,27,35,0,11,0,11,0,11,0,11,0,11,0,11,0,11,0,11,0,11,15,21,6,10,56,37,40,55,28,36,374,134,103,76,146,56,335,111,120,61,878,176,334,102,55,51,21,28
1400000US18097320204,18097320204,"Census Tract 3202.04, Marion County, Indiana",3758,388,23,40,0,16,0,16,0,16,0,16,59,86,52,59,0,16,73,72,14,22,61,69,20,30,113,127,40,46,0,16,593,232,100,90,109,59,527,153,242,148,1256,356,411,147,39,52,26,31
1400000US18097320301,18097320301,"Census Tract 3203.01, Marion County, Indiana",2862,174,17,19,0,11,0,11,0,11,0,11,0,11,0,11,0,11,25,36,0,11,0,11,1,3,10,15,13,19,15,18,397,102,21,30,92,53,313,90,182,75,1134,173,425,109,179,76,38,26
1400000US18097320303,18097320303,"Census Tract 3203.03, Marion County, Indiana",2384,261,20,29,0,11,0,11,0,11,0,11,0,11,0,11,0,11,17,27,0,11,32,31,0,11,0,11,0,11,5,9,278,106,25,23,123,58,251,77,187,89,1002,168,347,138,88,75,9,14
1400000US18097320304,18097320304,"Census Tract 3203.04, Marion County, Indiana",4698,324,2,4,4,10,0,16,0,16,0,16,0,16,0,16,0,16,4,10,14,18,0,16,0,16,9,19,15,22,28,46,479,163,58,57,142,96,659,213,190,101,1814,283,815,202,341,147,124,71
1400000US18097320400,18097320400,"Census Tract 3204, Marion County, Indiana",2305,181,8,14,0,11,0,11,3,6,0,11,0,11,0,11,0,11,0,11,0,11,0,11,0,11,6,11,31,51,22,24,464,130,47,54,139,56,594,172,81,56,423,110,268,91,177,147,42,32
1400000US18097320500,18097320500,"Census Tract 3205, Marion County, Indiana",2171,191,18,21,0,11,0,11,0,11,0,11,0,11,0,11,0,11,0,11,0,11,8,13,9,14,51,49,35,44,34,39,352,133,28,26,48,33,164,65,106,57,542,136,413,111,269,102,94,46
1400000US18097320600,18097320600,"Census Tract 3206, Marion County, Indiana",1774,155,25,32,0,11,0,11,0,11,0,11,6,9,0,11,0,11,0,11,0,11,16,24,78,45,14,16,17,20,6,11,254,81,58,48,98,52,237,86,164,72,588,139,87,38,65,43,61,56
1400000US18097320700,18097320700,"Census Tract 3207, Marion County, Indiana",1507,155,0,11,0,11,0,11,0,11,0,11,0,11,0,11,0,11,0,11,0,11,0,11,26,39,0,11,0,11,0,11,168,105,19,21,40,42,234,103,45,47,595,135,255,66,53,35,72,48
1400000US18097320800,18097320800,"Census Tract 3208, Marion County, Indiana",2140,123,34,45,1,2,0,11,0,11,0,11,0,11,0,11,0,11,0,11,0,11,25,25,0,11,6,14,3,7,0,11,187,57,3,6,58,50,226,68,100,46,754,90,409,65,246,52,88,31
1400000US18097320901,18097320901,"Census Tract 3209.01, Marion County, Indiana",4378,279,15,24,0,16,0,16,0,16,0,16,5,11,0,16,0,16,5,11,0,16,84,59,7,14,9,12,14,23,22,28,514,193,74,62,352,167,698,275,347,133,1351,224,629,217,188,111,64,77
1400000US18097320902,18097320902,"Census Tract 3209.02, Marion County, Indiana",2325,272,36,38,0,11,5,9,0,11,0,11,0,11,0,11,0,11,43,66,0,11,10,15,20,26,10,13,44,52,28,32,365,141,155,90,184,84,420,145,350,149,458,140,161,64,27,27,9,15
1400000US18097320903,18097320903,"Census Tract 3209.03, Marion County, Indiana",2613,310,2,6,0,11,0,11,0,11,0,11,0,11,0,11,0,11,145,115,30,38,43,49,45,41,73,62,175,97,39,45,954,247,93,66,215,97,359,124,178,69,178,84,58,35,26,32,0,11
1400000US18097321001,18097321001,"Census Tract 3210.01, Marion County, Indiana",1908,149,37,60,23,36,0,11,17,24,0,11,14,22,0,11,0,11,0,11,0,11,9,20,0,11,75,56,41,36,56,40,609,126,108,53,110,58,286,96,146,70,279,85,98,51,0,11,0,11
1400000US18097321002,18097321002,"Census Tract 3210.02, Marion County, Indiana",2925,228,29,35,0,11,0,11,0,11,48,44,35,32,0,11,0,11,0,11,0,11,16,24,26,40,45,49,50,62,38,32,402,122,60,45,222,103,224,110,267,116,688,162,488,116,199,91,88,47
1400000US18097321100,18097321100,"Census Tract 3211, Marion County, Indiana",2569,190,0,11,0,11,0,11,0,11,0,11,0,11,0,11,2,3,0,11,0,11,22,25,33,47,47,44,45,33,70,57,208,79,52,33,94,52,517,144,87,39,664,121,462,90,176,91,90,52
1400000US18097321200,18097321200,"Census Tract 3212, Marion County, Indiana",3618,283,0,16,0,16,0,16,0,16,0,16,0,16,0,16,0,16,0,16,0,16,0,16,0,16,0,16,14,22,52,49,194,96,14,23,93,75,373,145,135,94,1665,269,524,138,523,149,31,35
1400000US18097321300,18097321300,"Census Tract 3213, Marion County, Indiana",1845,196,0,11,0,11,0,11,0,11,0,11,0,11,0,11,0,11,0,11,0,11,0,11,0,11,0,11,0,11,0,11,37,36,19,21,91,73,248,86,53,38,1029,217,291,85,53,38,24,23
1400000US18097321400,18097321400,"Census Tract 3214, Marion County, Indiana",4348,322,21,28,20,32,0,16,0,16,0,16,1,4,0,16,0,16,2,4,0,16,4,7,14,19,26,33,0,16,16,27,628,178,72,51,235,131,849,259,178,102,1639,291,365,127,175,106,103,101
1400000US18097321600,18097321600,"Census Tract 3216, Marion County, Indiana",3957,461,30,48,0,16,0,16,0,16,0,16,0,16,0,16,0,16,0,16,1,5,23,35,17,26,0,16,73,53,176,127,539,293,33,39,222,128,711,231,288,177,1092,299,552,162,83,59,117,92
1400000US18097321700,18097321700,"Census Tract 3217, Marion County, Indiana",3101,287,19,25,0,11,0,11,0,11,0,11,11,18,16,20,15,25,13,25,0,11,95,118,26,30,9,15,5,11,0,11,559,151,54,45,147,82,254,112,226,122,1052,222,406,140,161,103,33,31
1400000US18097321800,18097321800,"Census Tract 3218, Marion County, Indiana",2788,191,0,11,0,11,0,11,0,11,0,11,0,11,0,11,0,11,0,11,0,11,0,11,0,11,0,11,26,40,8,13,127,64,18,21,65,38,147,68,210,70,1258,221,527,116,326,101,76,51
1400000US18097321900,18097321900,"Census Tract 3219, Marion County, Indiana",2213,241,0,16,0,16,0,16,0,16,0,16,0,16,0,16,0,16,0,16,0,16,5,11,0,16,19,14,0,16,70,64,109,62,6,10,56,32,194,87,52,38,927,223,380,105,272,97,123,66
1400000US18097322000,18097322000,"Census Tract 3220, Marion County, Indiana",2568,261,0,11,0,11,0,11,0,11,0,11,0,11,0,11,0,11,0,11,0,11,7,11,52,46,16,24,88,69,56,54,338,100,137,85,56,37,559,170,258,126,612,174,217,75,111,54,61,42
1400000US18097322100,18097322100,"Census Tract 3221, Marion County, Indiana",1938,267,0,11,0,11,0,11,0,11,0,11,0,11,0,11,0,11,0,11,0,11,0,11,10,15,81,67,123,82,21,23,386,200,49,50,49,33,217,91,239,115,435,135,244,110,54,36,30,35
1400000US18097322200,18097322200,"Census Tract 3222, Marion County, Indiana",1485,118,12,18,0,11,0,11,0,11,0,11,0,11,0,11,0,11,0,11,0,11,21,26,17,18,42,48,20,22,17,14,231,63,11,11,70,33,255,77,73,34,362,68,162,48,150,49,42,24
1400000US18097322300,18097322300,"Census Tract 3223, Marion County, Indiana",1820,140,4,7,0,11,0,11,0,11,0,11,0,11,0,11,0,11,0,11,0,11,0,11,0,11,20,20,7,9,21,24,111,62,9,16,121,61,155,72,86,47,740,130,364,81,130,60,52,38
1400000US18097322400,18097322400,"Census Tract 3224, Marion County, Indiana",2209,242,8,12,0,11,0,11,0,11,0,11,8,12,0,11,0,11,0,11,5,10,13,20,17,18,6,11,0,11,9,17,401,115,30,29,179,59,529,149,271,102,487,117,191,63,55,42,0,11
1400000US18097322500,18097322500,"Census Tract 3225, Marion County, Indiana",1015,124,11,11,0,11,0,11,11,18,22,36,0,11,0,11,0,11,36,30,9,11,0,11,17,14,22,21,48,30,22,19,191,73,52,34,40,33,222,75,110,56,159,61,30,23,5,8,8,12
1400000US18097322600,18097322600,"Census Tract 3226, Marion County, Indiana",2328,236,41,44,0,11,9,14,0,11,0,11,0,11,0,11,0,11,8,16,16,26,0,11,58,76,96,60,166,79,26,32,593,155,148,110,170,81,431,136,249,102,182,79,96,54,18,16,21,32
1400000US18097322700,18097322700,"Census Tract 3227, Marion County, Indiana",1537,155,0,11,0,11,0,11,0,11,0,11,0,11,0,11,0,11,0,11,0,11,12,13,15,18,60,52,51,50,48,37,417,99,135,53,85,52,248,101,73,47,223,102,133,52,11,13,26,39
1400000US18097330103,18097330103,"Census Tract 3301.03, Marion County, Indiana",3909,321,24,29,0,16,0,16,0,16,0,16,0,16,0,16,0,16,0,16,0,16,0,16,51,55,18,28,25,28,10,17,539,173,35,39,188,111,529,189,340,142,1656,293,397,149,67,74,30,37
1400000US18097330105,18097330105,"Census Tract 3301.05, Marion County, Indiana",3588,282,37,54,0,16,0,16,0,16,17,27,0,16,0,16,15,22,0,16,16,23,25,39,0,16,34,37,75,52,0,16,945,230,20,25,158,90,419,151,105,67,1134,248,498,177,23,28,67,52
1400000US18097330106,18097330106,"Census Tract 3301.06, Marion County, Indiana",2622,318,0,11,0,11,0,11,0,11,0,11,0,11,0,11,0,11,101,107,9,19,52,89,0,11,52,61,19,25,0,11,505,213,18,31,128,87,607,154,172,101,787,218,119,70,6,18,47,45
1400000US18097330107,18097330107,"Census Tract 3301.07, Marion County, Indiana",4624,226,0,16,0,16,0,16,0,16,0,16,0,16,0,16,0,16,0,16,0,16,0,16,0,16,0,16,16,24,0,16,678,200,51,47,346,156,461,177,181,104,1816,286,854,232,160,94,61,59
1400000US18097330108,18097330108,"Census Tract 3301.08, Marion County, Indiana",2759,172,27,26,0,11,0,11,0,11,0,11,0,11,0,11,0,11,0,11,0,11,38,58,0,11,24,38,0,11,51,40,295,109,20,25,65,40,260,83,188,66,1046,130,534,110,111,52,100,48
1400000US18097330109,18097330109,"Census Tract 3301.09, Marion County, Indiana",3652,281,34,44,0,11,0,11,0,11,0,11,0,11,0,11,0,11,60,63,0,11,0,11,0,11,0,11,20,32,0,11,508,159,84,64,150,103,416,151,367,153,1259,246,549,153,101,67,104,71
1400000US18097330202,18097330202,"Census Tract 3302.02, Marion County, Indiana",6200,409,117,155,0,18,0,18,0,18,0,18,0,18,0,18,0,18,38,62,17,26,48,42,72,47,112,108,131,107,242,164,1719,381,103,81,695,215,1078,283,579,189,985,206,264,99,0,18,0,18
1400000US18097330203,18097330203,"Census Tract 3302.03, Marion County, Indiana",4075,247,0,16,0,16,0,16,0,16,0,16,0,16,0,16,0,16,0,16,0,16,0,16,0,16,0,16,0,16,0,16,432,146,32,52,135,70,510,163,300,121,1491,283,726,191,354,117,95,59
1400000US18097330204,18097330204,"Census Tract 3302.04, Marion County, Indiana",4280,298,0,16,0,16,0,16,0,16,0,16,0,16,0,16,0,16,50,64,11,24,0,16,13,22,14,25,36,53,98,76,734,192,31,37,273,126,582,199,389,149,1103,229,723,205,142,99,81,63
1400000US18097330206,18097330206,"Census Tract 3302.06, Marion County, Indiana",3226,205,0,11,0,11,0,11,0,11,0,11,0,11,0,11,0,11,11,19,0,11,0,11,23,27,14,21,0,11,0,11,515,141,63,40,247,82,509,158,330,104,941,156,472,139,68,79,33,40
1400000US18097330208,18097330208,"Census Tract 3302.08, Marion County, Indiana",2044,172,0,11,0,11,0,11,0,11,0,11,0,11,0,11,0,11,0,11,0,11,8,13,16,18,30,37,21,26,0,11,187,69,54,63,157,66,414,135,128,52,773,122,200,67,22,22,34,23
1400000US18097330209,18097330209,"Census Tract 3302.09, Marion County, Indiana",5827,404,36,56,0,16,0,16,0,16,0,16,1,2,0,16,0,16,27,36,27,42,73,51,61,61,150,87,101,80,91,81,1162,232,41,38,249,121,915,242,621,201,1540,276,545,166,101,68,86,79
1400000US18097330401,18097330401,"Census Tract 3304.01, Marion County, Indiana",3997,272,64,58,0,16,0,16,0,16,0,16,0,16,0,16,0,16,0,16,0,16,0,16,19,32,0,16,21,31,0,16,486,163,25,31,182,86,669,197,393,142,1272,260,566,163,200,97,100,81
1400000US18097330500,18097330500,"Census Tract 3305, Marion County, Indiana",4390,364,54,54,0,16,0,16,0,16,0,16,0,16,0,16,0,16,0,16,14,24,33,36,21,39,100,86,294,203,115,110,690,242,194,168,317,174,1024,286,280,142,805,234,311,124,40,49,98,99
1400000US18097330600,18097330600,"Census Tract 3306, Marion County, Indiana",3180,409,52,70,0,16,0,16,0,16,0,16,0,16,0,16,0,16,0,16,0,16,174,178,72,53,25,29,1,5,83,95,784,244,240,128,266,100,605,192,129,88,551,186,198,111,0,16,0,16
1400000US18097330700,18097330700,"Census Tract 3307, Marion County, Indiana",4295,365,0,16,0,16,0,16,0,16,0,16,118,192,48,75,44,73,96,107,61,79,235,240,250,215,235,112,220,127,249,190,1088,259,294,135,291,139,630,265,188,105,223,173,25,29,0,16,0,16
1400000US18097330803,18097330803,"Census Tract 3308.03, Marion County, Indiana",1929,323,23,23,0,11,0,11,0,11,20,30,21,35,0,11,7,12,36,47,59,63,14,21,0,11,29,37,180,123,42,44,540,201,80,66,237,111,242,118,147,109,239,111,6,11,7,11,0,11
1400000US18097330804,18097330804,"Census Tract 3308.04, Marion County, Indiana",1602,217,65,55,0,11,0,11,0,11,0,11,0,11,0,11,9,18,19,28,19,30,0,11,38,45,11,17,117,97,9,18,492,207,99,54,153,92,274,105,112,72,123,82,14,17,17,28,31,48
1400000US18097330805,18097330805,"Census Tract 3308.05, Marion County, Indiana",1630,215,33,41,0,11,0,11,22,36,0,11,0,11,16,24,22,34,20,32,0,11,12,14,25,32,122,102,101,59,24,24,501,123,103,62,106,64,352,116,90,58,69,47,12,18,0,11,0,11
1400000US18097330806,18097330806,"Census Tract 3308.06, Marion County, Indiana",2348,247,38,38,0,11,0,11,0,11,21,35,8,12,53,65,0,11,180,140,7,10,44,46,22,33,56,49,101,67,74,61,572,164,174,103,168,95,442,128,211,113,152,79,25,31,0,11,0,11
1400000US18097330900,18097330900,"Census Tract 3309, Marion County, Indiana",3296,419,11,18,0,16,0,16,0,16,0,16,0,16,0,16,0,16,85,94,0,16,0,16,59,70,27,33,272,152,36,39,1098,300,417,237,124,90,373,166,309,183,402,175,83,84,0,16,0,16
1400000US18097331000,18097331000,"Census Tract 3310, Marion County, Indiana",3111,298,76,83,0,11,0,11,0,11,0,11,0,11,0,11,0,11,0,11,18,19,8,12,87,67,133,74,43,30,50,32,1291,217,146,78,251,101,569,167,187,81,160,69,78,40,14,22,0,11
1400000US18097340101,18097340101,"Census Tract 3401.01, Marion County, Indiana",2671,194,56,59,0,11,0,11,0,11,0,11,0,11,0,11,0,11,22,33,0,11,0,11,0,11,57,63,96,75,61,52,806,184,122,62,113,64,351,110,202,93,411,139,249,98,118,82,7,12
1400000US18097340102,18097340102,"Census Tract 3401.02, Marion County, Indiana",2327,293,41,37,0,11,0,11,0,11,0,11,23,38,0,11,7,15,17,24,0,11,0,11,36,44,29,28,60,46,93,93,553,134,141,79,235,113,423,171,269,124,266,115,88,55,8,13,38,44
1400000US18097340108,18097340108,"Census Tract 3401.08, Marion County, Indiana",1304,200,32,35,0,11,0,11,6,10,0,11,0,11,0,11,0,11,49,31,21,23,38,26,32,28,34,34,39,26,52,32,381,83,50,27,113,51,202,71,143,65,89,40,3,5,0,11,20,27
1400000US18097340109,18097340109,"Census Tract 3401.09, Marion County, Indiana",874,117,0,11,0,11,0,11,0,11,0,11,0,11,0,11,15,20,59,49,0,11,0,11,0,11,0,11,16,27,0,11,170,67,55,39,76,38,194,60,59,35,133,40,80,33,0,11,17,17
1400000US18097340110,18097340110,"Census Tract 3401.10, Marion County, Indiana",3349,403,57,73,0,16,0,16,0,16,0,16,0,16,27,40,13,23,0,16,0,16,62,79,0,16,177,185,124,104,50,51,779,215,163,92,267,129,858,252,225,107,442,173,91,78,14,23,0,16
1400000US18097340111,18097340111,"Census Tract 3401.11, Marion County, Indiana",2145,206,14,15,0,11,0,11,0,11,0,11,0,11,0,11,3,6,0,11,3,5,10,11,87,100,50,30,30,26,81,49,347,126,179,70,119,53,222,64,263,104,480,102,214,87,27,29,16,17
1400000US18097340112,18097340112,"Census Tract 3401.12, Marion County, Indiana",3242,361,66,65,0,11,0,11,0,11,0,11,0,11,0,11,0,11,121,98,0,11,0,11,27,31,0,11,59,67,80,73,586,179,120,82,232,129,660,218,291,118,765,225,150,61,72,77,13,21
1400000US18097340113,18097340113,"Census Tract 3401.13, Marion County, Indiana",2824,255,25,30,0,11,0,11,0,11,0,11,0,11,0,11,0,11,0,11,3,7,7,12,121,86,51,32,35,29,51,33,719,159,148,67,219,78,555,189,164,71,404,133,300,117,14,18,8,13
1400000US18097340114,18097340114,"Census Tract 3401.14, Marion County, Indiana",2977,158,21,32,0,11,0,11,0,11,0,11,0,11,0,11,0,11,0,11,0,11,17,27,14,18,66,50,50,36,23,21,651,126,172,75,301,93,505,128,246,75,671,123,196,78,35,30,9,13
1400000US18097340201,18097340201,"Census Tract 3402.01, Marion County, Indiana",2101,221,27,24,0,11,0,11,19,30,9,14,26,33,49,56,9,14,111,61,86,103,25,28,67,60,26,31,74,67,59,38,672,131,79,67,111,71,324,96,97,70,175,93,48,32,0,11,8,14
1400000US18097340202,18097340202,"Census Tract 3402.02, Marion County, Indiana",2732,251,58,41,0,11,0,11,0,11,0,11,8,12,0,11,0,11,9,16,17,19,37,41,57,51,48,49,112,75,106,67,571,135,202,96,144,76,503,121,267,89,477,154,90,40,20,24,6,9
1400000US18097340300,18097340300,"Census Tract 3403, Marion County, Indiana",4730,535,210,114,0,16,29,47,12,20,66,62,0,16,158,123,143,171,130,125,51,54,246,180,23,38,196,137,265,216,339,151,1373,373,212,126,220,132,563,221,115,67,274,142,67,62,38,51,0,16
1400000US18097340400,18097340400,"Census Tract 3404, Marion County, Indiana",2141,249,49,37,0,11,0,11,0,11,0,11,82,55,0,11,7,11,132,95,20,30,136,98,55,45,106,55,62,44,59,51,412,131,143,74,172,75,471,147,69,54,130,54,36,30,0,11,0,11
1400000US18097340500,18097340500,"Census Tract 3405, Marion County, Indiana",2424,285,47,51,0,11,0,11,0,11,0,11,0,11,0,11,0,11,35,47,0,11,8,13,49,63,69,60,167,141,64,61,539,194,94,76,207,111,571,204,199,90,224,76,126,76,15,24,10,16
1400000US18097340600,18097340600,"Census Tract 3406, Marion County, Indiana",3473,324,16,16,0,16,0,16,4,8,14,23,0,16,27,44,16,18,39,41,11,15,56,51,104,61,122,67,148,106,152,87,1277,250,210,83,216,104,396,124,203,75,359,135,77,41,21,29,5,8
1400000US18097340700,18097340700,"Census Tract 3407, Marion County, Indiana",2663,276,50,65,0,11,0,11,9,14,0,11,30,47,0,11,0,11,45,72,89,126,85,66,77,86,141,87,74,74,139,127,878,239,185,103,194,111,315,153,234,102,81,67,37,41,0,11,0,11
1400000US18097340800,18097340800,"Census Tract 3408, Marion County, Indiana",1162,138,13,14,0,11,0,11,4,6,0,11,0,11,0,11,34,42,0,11,0,11,7,11,16,16,16,19,8,14,11,12,360,80,66,49,71,34,142,53,74,53,211,59,98,51,31,26,0,11
1400000US18097340901,18097340901,"Census Tract 3409.01, Marion County, Indiana",2314,183,82,58,0,11,0,11,0,11,0,11,0,11,0,11,0,11,28,29,0,11,0,11,10,16,0,11,93,57,20,21,609,141,80,45,146,65,461,141,270,95,356,109,139,120,9,13,11,17
1400000US18097340902,18097340902,"Census Tract 3409.02, Marion County, Indiana",4046,449,21,34,0,16,0,16,0,16,0,16,0,16,0,16,0,16,0,16,0,16,83,104,73,54,62,53,71,96,182,151,843,235,117,106,307,148,843,265,240,128,595,185,384,166,82,80,143,117
1400000US18097341000,18097341000,"Census Tract 3410, Marion County, Indiana",1320,123,18,16,0,11,0,11,0,11,6,9,22,30,0,11,0,11,0,11,6,9,0,11,13,15,4,6,31,30,42,40,252,67,49,29,126,37,169,43,131,37,329,87,110,46,12,13,0,11
1400000US18097341100,18097341100,"Census Tract 3411, Marion County, Indiana",1329,178,24,21,0,11,0,11,0,11,0,11,0,11,0,11,0,11,40,54,0,11,54,28,61,36,42,28,59,38,26,18,454,127,133,85,85,42,158,77,73,44,98,64,22,25,0,11,0,11
1400000US18097341200,18097341200,"Census Tract 3412, Marion County, Indiana",1298,151,19,17,0,11,0,11,19,27,0,11,12,21,5,7,4,6,8,11,0,11,26,24,32,32,138,51,59,30,76,38,385,94,66,32,130,46,121,52,109,51,69,53,15,11,0,11,5,8
1400000US18097341600,18097341600,"Census Tract 3416, Marion County, Indiana",1248,173,64,68,0,11,0,11,0,11,6,10,0,11,0,11,18,28,64,66,35,53,32,21,41,32,90,67,152,78,13,14,254,84,122,63,46,29,145,65,69,39,82,42,15,21,0,11,0,11
1400000US18097341700,18097341700,"Census Tract 3417, Marion County, Indiana",2951,238,34,30,0,11,0,11,0,11,0,11,49,40,44,62,16,24,91,72,59,48,74,80,52,39,161,85,185,93,79,51,932,183,260,109,127,70,444,99,163,77,145,70,36,35,0,11,0,11
1400000US18097341902,18097341902,"Census Tract 3419.02, Marion County, Indiana",2495,250,68,55,0,11,0,11,0,11,0,11,0,11,0,11,0,11,0,11,0,11,0,11,21,25,22,29,30,28,62,44,807,209,137,69,230,93,290,124,220,111,380,95,200,77,0,11,28,27
1400000US18097341903,18097341903,"Census Tract 3419.03, Marion County, Indiana",2810,355,35,44,0,16,0,16,0,16,0,16,0,16,0,16,111,115,194,137,38,54,19,30,61,65,113,103,109,104,65,69,514,174,122,95,227,124,496,227,246,129,399,157,36,37,25,32,0,16
1400000US18097341904,18097341904,"Census Tract 3419.04, Marion County, Indiana",1445,119,36,34,0,11,0,11,0,11,4,6,17,26,0,11,6,9,127,80,0,11,30,26,92,65,12,18,54,40,37,32,381,137,48,35,64,36,146,59,77,37,199,76,79,34,32,25,4,7
1400000US18097342000,18097342000,"Census Tract 3420, Marion County, Indiana",4288,341,28,47,0,16,0,16,0,16,0,16,0,16,0,16,27,45,0,16,7,16,20,34,0,16,100,89,100,114,96,58,812,236,247,157,294,101,872,257,536,169,945,320,149,89,0,16,55,51
1400000US18097342101,18097342101,"Census Tract 3421.01, Marion County, Indiana",3539,278,12,20,0,16,0,16,0,16,0,16,12,20,0,16,43,64,28,29,0,16,60,58,43,44,121,68,105,68,133,58,1087,243,161,71,377,117,531,139,399,143,283,95,106,52,15,19,23,25
1400000US18097342200,18097342200,"Census Tract 3422, Marion County, Indiana",3393,330,170,112,0,16,0,16,0,16,0,16,0,16,0,16,36,44,137,111,25,39,95,73,145,103,193,78,160,78,133,73,961,192,221,75,177,73,435,196,207,92,203,123,69,52,26,29,0,16
1400000US18097342300,18097342300,"Census Tract 3423, Marion County, Indiana",4306,407,65,55,0,16,0,16,0,16,0,16,32,44,0,16,49,56,108,104,14,25,170,130,277,136,211,131,164,112,90,75,1392,334,385,190,281,125,644,306,214,122,193,127,17,29,0,16,0,16
1400000US18097342400,18097342400,"Census Tract 3424, Marion County, Indiana",1250,156,43,34,0,11,0,11,0,11,0,11,0,11,0,11,0,11,16,20,37,37,30,36,46,38,55,43,154,70,35,23,396,103,106,54,69,41,118,59,73,69,66,38,6,9,0,11,0,11
1400000US18097342500,18097342500,"Census Tract 3425, Marion County, Indiana",3045,240,72,53,0,11,0,11,0,11,0,11,23,36,8,18,3,8,61,56,38,40,68,42,103,61,308,106,153,74,91,57,843,179,317,83,226,100,320,107,212,83,178,78,21,22,0,11,0,11
1400000US18097342600,18097342600,"Census Tract 3426, Marion County, Indiana",1969,237,46,49,0,11,0,11,0,11,17,27,46,54,0,11,0,11,41,42,50,44,56,51,141,77,180,78,76,47,72,56,648,131,129,58,195,85,128,63,57,36,72,54,15,16,0,11,0,11
1400000US18097350100,18097350100,"Census Tract 3501, Marion County, Indiana",873,117,6,8,0,11,0,11,0,11,0,11,8,12,0,11,8,11,0,11,0,11,13,14,34,20,11,14,40,26,30,31,260,71,22,19,75,30,175,65,99,50,58,34,9,11,25,25,0,11
1400000US18097350300,18097350300,"Census Tract 3503, Marion County, Indiana",1633,217,19,31,0,11,0,11,0,11,0,11,0,11,0,11,0,11,0,11,0,11,0,11,0,11,127,64,87,74,117,92,372,110,161,75,131,59,205,76,137,66,211,85,58,57,8,13,0,11
1400000US18097350400,18097350400,"Census Tract 3504, Marion County, Indiana",1884,225,19,24,0,11,0,11,0,11,0,11,9,14,0,11,0,11,26,18,6,9,7,13,19,25,37,33,88,58,72,51,468,135,52,36,88,93,251,78,178,120,388,123,154,65,22,25,0,11
1400000US18097350500,18097350500,"Census Tract 3505, Marion County, Indiana",1558,208,0,11,19,29,0,11,0,11,0,11,4,6,0,11,5,7,27,24,13,21,28,22,33,37,71,45,121,65,77,47,597,153,30,27,202,71,158,49,60,46,103,54,10,12,0,11,0,11
1400000US18097350600,18097350600,"Census Tract 3506, Marion County, Indiana",2936,390,60,61,0,11,0,11,0,11,0,11,0,11,0,11,0,11,77,91,27,36,16,18,48,32,77,64,197,106,120,74,928,184,162,105,284,164,531,193,197,97,193,133,19,22,0,11,0,11
1400000US18097350700,18097350700,"Census Tract 3507, Marion County, Indiana",939,147,14,14,0,11,0,11,0,11,0,11,0,11,0,11,0,11,9,13,0,11,2,5,72,45,28,22,28,27,35,27,318,101,76,64,77,44,201,66,41,28,32,24,0,11,6,9,0,11
1400000US18097350800,18097350800,"Census Tract 3508, Marion County, Indiana",1160,116,21,20,0,11,0,11,0,11,0,11,0,11,13,17,29,32,0,11,12,15,7,8,0,11,67,41,112,45,24,28,351,95,106,61,79,42,263,84,34,23,42,28,0,11,0,11,0,11
1400000US18097350900,18097350900,"Census Tract 3509, Marion County, Indiana",802,112,0,11,0,11,0,11,0,11,0,11,0,11,0,11,8,9,4,6,0,11,18,18,0,11,13,21,38,26,4,6,244,71,48,37,36,27,108,45,83,38,133,51,62,37,0,11,3,5
1400000US18097351000,18097351000,"Census Tract 3510, Marion County, Indiana",1736,256,8,12,0,11,0,11,1,2,0,11,0,11,0,11,0,11,0,11,0,11,0,11,28,34,113,72,37,38,89,67,403,123,165,161,16,17,349,170,131,73,275,128,77,46,23,29,21,18
1400000US18097351200,18097351200,"Census Tract 3512, Marion County, Indiana",1516,185,31,29,0,11,0,11,0,11,0,11,0,11,0,11,0,11,11,13,0,11,16,19,51,34,59,41,203,99,76,52,458,107,107,58,94,48,255,78,45,30,72,43,38,22,0,11,0,11
1400000US18097351500,18097351500,"Census Tract 3515, Marion County, Indiana",1244,169,6,13,0,11,0,11,0,11,0,11,0,11,0,11,0,11,9,11,3,6,3,7,38,31,44,34,63,44,64,42,162,65,119,59,115,52,303,96,116,47,127,46,51,34,11,13,10,12
1400000US18097351600,18097351600,"Census Tract 3516, Marion County, Indiana",1648,212,22,26,0,11,0,11,0,11,0,11,0,11,9,13,0,11,0,11,0,11,4,8,13,13,28,28,59,36,25,29,263,115,75,43,119,72,129,61,95,52,502,99,173,54,93,40,39,27
1400000US18097351700,18097351700,"Census Tract 3517, Marion County, Indiana",1704,311,8,13,0,11,0,11,0,11,0,11,0,11,0,11,0,11,0,11,6,9,0,11,27,30,64,53,97,70,56,58,375,132,136,90,56,42,285,128,57,49,361,118,129,60,32,27,15,17
1400000US18097351900,18097351900,"Census Tract 3519, Marion County, Indiana",1785,175,8,10,0,11,0,11,0,11,0,11,0,11,0,11,0,11,10,12,0,11,18,17,60,51,70,52,143,64,49,28,578,104,60,47,145,61,325,77,171,69,131,77,13,15,4,6,0,11
1400000US18097352100,18097352100,"Census Tract 3521, Marion County, Indiana",1331,164,22,21,0,11,0,11,0,11,7,10,0,11,0,11,0,11,23,23,0,11,16,13,4,8,27,25,126,65,25,18,380,99,152,70,163,71,167,62,108,49,52,47,59,39,0,11,0,11
1400000US18097352300,18097352300,"Census Tract 3523, Marion County, Indiana",827,112,6,8,0,11,0,11,0,11,0,11,0,11,0,11,0,11,0,11,18,20,0,11,15,19,67,42,96,62,47,31,303,88,72,36,44,33,61,30,50,33,43,31,5,8,0,11,0,11
1400000US18097352400,18097352400,"Census Tract 3524, Marion County, Indiana",2149,223,20,24,0,11,0,11,0,11,28,38,0,11,0,11,0,11,39,48,0,11,0,11,61,74,61,46,126,86,17,19,786,174,165,60,153,67,375,119,70,45,158,79,51,42,10,16,29,33
1400000US18097352500,18097352500,"Census Tract 3525, Marion County, Indiana",2123,249,31,37,0,11,0,11,0,11,0,11,7,10,0,11,0,11,10,16,0,11,0,11,14,18,112,83,23,24,26,24,672,196,160,91,88,42,239,85,121,63,444,115,144,56,12,13,20,22
1400000US18097352600,18097352600,"Census Tract 3526, Marion County, Indiana",2007,214,37,42,0,11,11,18,0,11,0,11,0,11,0,11,35,34,43,37,4,9,39,32,109,66,145,84,202,96,71,42,500,144,126,70,101,59,218,87,179,97,127,53,51,37,9,14,0,11
1400000US18097352700,18097352700,"Census Tract 3527, Marion County, Indiana",1600,221,21,27,0,11,0,11,0,11,0,11,0,11,0,11,0,11,5,9,64,55,21,21,51,41,117,88,76,63,19,23,359,103,141,82,146,64,277,111,65,49,187,57,28,24,7,11,16,18
1400000US18097352800,18097352800,"Census Tract 3528, Marion County, Indiana",682,100,0,11,0,11,0,11,0,11,0,11,0,11,11,12,0,11,0,11,3,6,12,14,0,11,29,29,68,37,0,11,205,62,92,50,32,27,78,47,43,30,90,42,19,21,0,11,0,11
1400000US18097353300,18097353300,"Census Tract 3533, Marion County, Indiana",2149,207,0,11,0,11,0,11,0,11,0,11,0,11,0,11,0,11,0,11,8,18,34,34,38,36,52,49,35,38,10,15,332,118,103,60,85,61,417,147,144,57,547,136,259,95,45,37,40,30
1400000US18097353500,18097353500,"Census Tract 3535, Marion County, Indiana",1202,220,4,7,0,11,0,11,0,11,0,11,0,11,0,11,0,11,11,14,17,28,26,24,79,64,22,25,21,27,19,22,220,99,22,29,98,61,141,61,9,17,300,125,84,55,27,30,102,97
1400000US18097353600,18097353600,"Census Tract 3536, Marion County, Indiana",1349,159,14,20,0,11,0,11,7,9,0,11,0,11,0,11,0,11,53,42,16,17,18,28,25,28,51,34,77,44,25,22,373,99,188,79,122,47,156,68,98,53,93,61,17,22,16,23,0,11
1400000US18097354200,18097354200,"Census Tract 3542, Marion County, Indiana",5392,423,47,76,0,16,0,16,20,32,10,21,10,17,0,16,0,16,0,16,0,16,27,28,82,54,92,55,208,119,34,38,526,169,335,157,262,129,641,218,306,131,1505,279,712,214,273,125,302,181
1400000US18097354400,18097354400,"Census Tract 3544, Marion County, Indiana",1138,127,12,10,0,11,0,11,0,11,0,11,0,11,8,12,7,10,0,11,0,11,24,20,0,11,41,44,76,47,26,23,167,63,43,33,26,32,150,66,35,34,331,99,145,55,44,26,3,6
1400000US18097354500,18097354500,"Census Tract 3545, Marion County, Indiana",1753,182,29,26,0,11,0,11,0,11,9,16,0,11,19,30,0,11,0,11,24,26,23,16,16,20,118,53,97,63,39,29,294,88,147,65,56,31,285,77,71,42,311,81,147,53,58,31,10,11
1400000US18097354700,18097354700,"Census Tract 3547, Marion County, Indiana",886,129,32,30,0,11,0,11,0,11,0,11,0,11,14,20,0,11,34,32,18,16,43,44,38,29,74,50,58,35,17,13,151,62,48,38,65,38,108,38,72,38,67,34,47,28,0,11,0,11
1400000US18097354800,18097354800,"Census Tract 3548, Marion County, Indiana",903,147,12,12,0,11,0,11,0,11,0,11,0,11,0,11,13,21,0,11,16,20,28,23,25,33,83,47,76,52,13,11,270,74,53,31,49,30,115,53,58,36,72,46,20,24,0,11,0,11
1400000US18097354900,18097354900,"Census Tract 3549, Marion County, Indiana",1799,185,47,43,0,11,0,11,0,11,10,15,24,27,0,11,12,19,47,41,12,13,0,11,107,50,144,67,189,82,54,35,481,115,122,54,87,40,285,77,68,61,78,32,13,12,9,13,10,10
1400000US18097355000,18097355000,"Census Tract 3550, Marion County, Indiana",1285,148,21,25,0,11,0,11,0,11,13,20,13,21,4,8,19,26,77,59,13,17,69,40,41,33,61,47,89,55,13,17,485,106,67,33,50,36,99,58,59,35,58,35,14,31,15,22,5,7
1400000US18097355100,18097355100,"Census Tract 3551, Marion County, Indiana",1030,117,7,10,0,11,0,11,0,11,0,11,0,11,0,11,8,13,23,18,9,14,37,30,51,32,82,42,97,45,23,19,296,77,78,36,30,19,186,66,47,30,56,35,0,11,0,11,0,11
1400000US18097355300,18097355300,"Census Tract 3553, Marion County, Indiana",1632,220,45,39,0,11,0,11,18,30,0,11,0,11,0,11,10,16,28,31,5,10,27,32,17,20,22,24,102,75,34,32,276,107,108,65,170,94,253,94,165,98,243,96,72,43,28,43,9,15
1400000US18097355400,18097355400,"Census Tract 3554, Marion County, Indiana",1958,276,34,36,0,11,0,11,0,11,0,11,0,11,0,11,0,11,28,44,29,45,10,16,76,67,151,111,67,68,8,13,644,177,122,97,146,77,346,125,12,20,230,64,45,40,10,17,0,11
1400000US18097355500,18097355500,"Census Tract 3555, Marion County, Indiana",2511,359,72,42,0,11,0,11,27,35,0,11,12,17,0,11,11,16,34,28,28,33,75,45,51,40,87,52,165,94,40,30,1116,222,260,111,114,55,222,104,104,60,77,45,16,18,0,11,0,11
1400000US18097355600,18097355600,"Census Tract 3556, Marion County, Indiana",1235,193,55,50,0,11,0,11,0,11,0,11,0,11,0,11,17,24,72,65,0,11,63,67,80,48,267,101,56,38,38,33,319,95,96,63,12,14,103,67,29,24,22,36,6,13,0,11,0,11
1400000US18097355700,18097355700,"Census Tract 3557, Marion County, Indiana",1646,226,28,21,0,11,0,11,0,11,7,10,44,39,0,11,24,33,37,27,36,30,72,43,67,38,109,51,163,74,44,21,527,142,165,52,96,55,101,59,61,36,43,35,14,14,8,13,0,11
1400000US18097355900,18097355900,"Census Tract 3559, Marion County, Indiana",1496,138,18,20,0,11,0,11,0,11,0,11,4,6,0,11,0,11,20,19,19,20,72,45,27,21,102,45,80,38,22,17,359,70,121,44,40,24,107,38,59,32,291,81,131,50,20,16,4,7
1400000US18097356200,18097356200,"Census Tract 3562, Marion County, Indiana",2817,328,21,19,0,11,0,11,0,11,16,21,0,11,0,11,0,11,18,23,12,23,76,36,122,83,135,77,183,71,40,36,335,172,396,114,124,67,333,116,202,98,444,97,214,64,117,54,29,22
1400000US18097356400,18097356400,"Census Tract 3564, Marion County, Indiana",2434,324,39,48,0,11,0,11,0,11,0,11,0,11,0,11,0,11,73,64,63,58,138,83,105,84,250,124,262,203,83,56,389,140,203,83,154,73,304,122,129,88,159,88,56,36,18,20,9,15
1400000US18097356900,18097356900,"Census Tract 3569, Marion County, Indiana",1962,192,50,36,0,11,0,11,0,11,0,11,0,11,0,11,0,11,22,22,0,11,112,68,136,88,153,64,91,51,70,55,703,135,184,72,96,43,178,64,43,28,76,42,42,28,0,11,6,9
1400000US18097357000,18097357000,"Census Tract 3570, Marion County, Indiana",1687,199,52,34,0,11,0,11,0,11,0,11,0,11,0,11,0,11,0,11,0,11,60,45,77,47,192,104,107,55,43,29,491,144,106,53,99,51,241,91,64,40,99,40,46,25,4,7,6,9
1400000US18097357100,18097357100,"Census Tract 3571, Marion County, Indiana",1386,162,20,14,0,11,0,11,0,11,0,11,0,11,0,11,13,21,4,7,4,7,38,25,158,64,101,52,45,32,23,21,242,66,105,78,50,28,225,90,50,31,234,75,48,28,26,21,0,11
1400000US18097357200,18097357200,"Census Tract 3572, Marion County, Indiana",1680,352,43,23,0,11,20,36,0,11,0,11,0,11,0,11,0,11,40,38,33,53,122,65,93,59,279,159,88,62,65,37,403,158,118,62,35,40,162,98,49,44,130,83,0,11,0,11,0,11
1400000US18097357300,18097357300,"Census Tract 3573, Marion County, Indiana",1373,130,45,29,0,11,0,11,18,29,0,11,9,14,0,11,0,11,10,14,25,29,82,45,45,28,162,60,96,58,73,41,373,89,169,59,52,32,141,73,26,16,42,31,5,8,0,11,0,11
1400000US18097357400,18097357400,"Census Tract 3574, Marion County, Indiana",2582,273,32,38,0,11,0,11,0,11,18,20,0,11,0,11,0,11,0,11,19,21,96,69,163,81,171,89,110,80,179,90,729,156,205,88,135,84,446,133,81,53,198,117,0,11,0,11,0,11
1400000US18097357500,18097357500,"Census Tract 3575, Marion County, Indiana",2827,252,39,30,0,11,0,11,0,11,0,11,0,11,0,11,8,13,0,11,10,17,25,25,53,51,114,47,82,47,46,30,812,180,220,95,275,101,430,110,264,97,333,105,96,58,13,18,7,11
1400000US18097357600,18097357600,"Census Tract 3576, Marion County, Indiana",4820,494,166,115,0,16,0,16,0,16,0,16,11,19,0,16,0,16,0,16,20,27,208,125,108,74,479,271,262,139,176,132,1454,356,508,203,332,152,539,154,260,122,228,122,69,71,0,16,0,16
1400000US18097357800,18097357800,"Census Tract 3578, Marion County, Indiana",1340,171,18,16,0,11,0,11,0,11,0,11,0,11,0,11,0,11,0,11,39,40,27,27,94,49,66,44,65,42,13,13,390,114,97,44,94,52,134,51,62,34,185,51,48,30,3,5,5,7
1400000US18097357900,18097357900,"Census Tract 3579, Marion County, Indiana",3029,261,50,75,0,11,0,11,0,11,0,11,0,11,0,11,0,11,83,85,27,30,50,51,141,75,199,76,191,96,55,37,624,129,248,109,133,79,364,102,211,95,493,160,109,69,44,37,7,12
1400000US18097358000,18097358000,"Census Tract 3580, Marion County, Indiana",1018,183,43,37,0,11,0,11,0,11,16,23,10,14,0,11,7,15,20,22,0,11,41,25,62,54,182,100,53,35,15,18,171,69,81,38,71,33,104,57,41,30,83,47,18,16,0,11,0,11
1400000US18097358100,18097358100,"Census Tract 3581, Marion County, Indiana",1710,225,30,34,0,11,0,11,0,11,0,11,0,11,0,11,0,11,0,11,0,11,121,69,83,59,126,80,88,56,7,10,469,171,138,82,171,92,232,168,91,76,106,55,22,27,26,25,0,11
1400000US18097360101,18097360101,"Census Tract 3601.01, Marion County, Indiana",1263,113,20,20,0,11,0,11,0,11,0,11,0,11,7,10,0,11,23,26,6,8,51,29,33,28,90,44,55,35,72,53,441,106,113,53,96,46,95,54,116,54,34,25,11,13,0,11,0,11
1400000US18097360102,18097360102,"Census Tract 3601.02, Marion County, Indiana",1372,204,26,42,0,11,0,11,0,11,5,10,0,11,0,11,6,10,0,11,0,11,24,22,20,18,25,26,40,34,56,38,448,126,105,62,114,65,266,104,95,67,128,62,14,19,0,11,0,11
1400000US18097360201,18097360201,"Census Tract 3602.01, Marion County, Indiana",2265,262,0,11,0,11,0,11,0,11,0,11,8,13,0,11,36,43,26,38,0,11,48,53,68,45,86,55,166,81,44,35,920,190,164,94,101,67,394,168,39,40,137,87,28,28,0,11,0,11
1400000US18097360202,18097360202,"Census Tract 3602.02, Marion County, Indiana",2122,205,61,61,0,11,0,11,0,11,0,11,0,11,0,11,0,11,48,69,0,11,9,15,49,70,108,84,107,79,80,64,490,167,98,58,109,71,432,200,182,108,250,112,99,70,0,11,0,11
1400000US18097360301,18097360301,"Census Tract 3603.01, Marion County, Indiana",2132,152,9,12,0,11,0,11,0,11,0,11,10,16,0,11,9,14,24,39,0,11,13,21,88,58,63,47,104,59,50,34,666,187,180,78,197,82,335,99,100,53,233,92,51,57,0,11,0,11
1400000US18097360302,18097360302,"Census Tract 3603.02, Marion County, Indiana",1431,169,35,24,0,11,0,11,6,8,12,19,0,11,20,29,37,34,73,77,10,16,43,33,76,41,71,40,177,74,38,24,396,92,73,51,68,37,178,63,46,30,46,34,26,24,0,11,0,11
1400000US18097360401,18097360401,"Census Tract 3604.01, Marion County, Indiana",3862,519,49,46,0,16,0,16,47,63,0,16,0,16,0,16,37,55,63,98,0,16,40,41,50,41,259,163,216,152,18,28,1457,438,254,113,215,115,467,174,335,202,284,171,62,40,9,16,0,16
1400000US18097360402,18097360402,"Census Tract 3604.02, Marion County, Indiana",1179,148,17,21,0,11,0,11,0,11,0,11,0,11,0,11,0,11,32,25,6,10,7,10,13,15,50,36,86,58,42,39,417,93,88,49,42,29,162,56,119,52,78,46,15,14,0,11,5,7
1400000US18097360404,18097360404,"Census Tract 3604.04, Marion County, Indiana",4457,510,46,77,0,16,0,16,0,16,68,77,0,16,27,41,92,117,118,99,31,47,99,115,46,57,94,83,249,147,39,44,1318,336,220,118,424,175,715,245,321,122,413,169,123,92,0,16,14,23
1400000US18097360405,18097360405,"Census Tract 3604.05, Marion County, Indiana",3410,379,18,28,0,16,0,16,0,16,1,11,20,28,0,16,1,11,47,75,0,16,0,16,70,93,2,5,54,46,84,77,933,255,138,71,407,226,577,144,303,140,601,167,126,66,12,19,16,25
1400000US18097360501,18097360501,"Census Tract 3605.01, Marion County, Indiana",4036,459,23,30,0,16,0,16,0,16,0,16,0,16,0,16,0,16,19,30,0,16,30,33,92,78,75,78,258,120,25,30,1308,359,192,110,172,78,780,241,416,217,372,164,246,202,0,16,28,32
1400000US18097360502,18097360502,"Census Tract 3605.02, Marion County, Indiana",4139,420,3,3,0,16,0,16,0,16,0,16,0,16,0,16,0,16,0,16,0,16,1,3,154,116,178,130,64,96,63,60,1649,556,150,98,569,221,478,228,349,166,434,200,47,64,0,16,0,16
1400000US18097360601,18097360601,"Census Tract 3606.01, Marion County, Indiana",3523,215,28,30,0,11,0,11,0,11,0,11,35,41,0,11,0,11,47,38,22,35,18,18,19,19,56,38,56,38,50,35,1324,212,176,76,245,87,375,110,318,112,553,106,186,101,0,11,15,17
1400000US18097360602,18097360602,"Census Tract 3606.02, Marion County, Indiana",4139,312,52,61,0,16,0,16,0,16,0,16,0,16,11,24,5,8,66,94,11,14,58,75,158,96,211,150,176,129,40,37,1274,319,195,116,361,131,659,234,174,112,399,187,289,143,0,16,0,16
1400000US18097360700,18097360700,"Census Tract 3607, Marion County, Indiana",1390,114,0,11,0,11,0,11,0,11,0,11,0,11,0,11,0,11,26,37,0,11,7,10,4,7,10,16,21,24,10,11,220,65,97,44,104,36,157,61,118,40,361,91,155,45,55,44,45,30
1400000US18097360800,18097360800,"Census Tract 3608, Marion County, Indiana",1725,189,9,12,0,11,0,11,0,11,0,11,0,11,19,27,0,11,72,55,9,13,48,39,24,22,74,57,93,58,42,29,543,119,77,44,120,56,309,81,114,66,122,67,50,26,0,11,0,11
1400000US18097360900,18097360900,"Census Tract 3609, Marion County, Indiana",3631,350,89,104,0,16,0,16,0,16,0,16,0,16,17,29,0,16,0,16,18,19,18,27,54,46,107,106,123,102,102,129,1200,334,94,56,325,213,491,200,251,120,541,194,185,86,16,25,0,16
1400000US18097361000,18097361000,"Census Tract 3610, Marion County, Indiana",1533,107,0,11,0,11,0,11,0,11,14,23,0,11,0,11,0,11,0,11,0,11,35,46,9,12,38,39,17,14,0,11,268,68,41,24,65,33,133,41,109,47,522,92,217,60,29,22,36,28
1400000US18097361100,18097361100,"Census Tract 3611, Marion County, Indiana",2271,211,27,24,0,11,0,11,0,11,0,11,0,11,0,11,8,13,10,15,21,33,7,11,26,41,22,21,57,54,13,20,427,163,104,66,123,79,250,96,146,75,682,138,237,82,80,46,31,27
1400000US18097361200,18097361200,"Census Tract 3612, Marion County, Indiana",2339,210,63,56,0,11,0,11,0,11,0,11,4,8,0,11,0,11,0,11,0,11,86,57,104,86,49,39,108,88,72,47,577,129,226,116,64,51,262,95,108,56,422,130,190,77,4,7,0,11
1400000US18097361300,18097361300,"Census Tract 3613, Marion County, Indiana",1720,212,19,20,0,11,0,11,0,11,0,11,0,11,0,11,0,11,0,11,0,11,28,28,39,46,20,17,95,65,13,16,688,161,99,38,167,61,292,132,75,45,152,80,28,26,5,10,0,11
1400000US18097361400,18097361400,"Census Tract 3614, Marion County, Indiana",7157,498,186,128,0,18,0,18,0,18,0,18,0,18,0,18,6,13,75,73,85,86,120,90,162,109,161,105,321,216,60,49,2362,488,280,132,485,213,895,271,630,221,1051,253,253,108,11,18,14,23
1400000US18097361600,18097361600,"Census Tract 3616, Marion County, Indiana",5448,309,7,16,0,16,0,16,0,16,0,16,0,16,0,16,0,16,8,15,0,16,45,44,0,16,33,37,77,67,143,77,1340,315,39,38,398,146,1022,254,548,157,1190,229,464,143,44,52,90,75
1400000US18097370201,18097370201,"Census Tract 3702.01, Marion County, Indiana",2693,266,50,37,0,11,0,11,0,11,0,11,0,11,7,11,8,12,4,9,8,12,48,37,94,60,63,34,169,80,44,44,811,176,265,97,241,89,371,115,143,79,219,87,118,55,30,30,0,11
1400000US18097370202,18097370202,"Census Tract 3702.02, Marion County, Indiana",4112,317,62,61,0,16,0,16,0,16,0,16,0,16,0,16,0,16,14,23,49,52,234,137,91,73,289,136,253,125,206,97,1276,235,315,190,259,112,469,175,192,97,262,114,99,74,42,62,0,16
1400000US18097370301,18097370301,"Census Tract 3703.01, Marion County, Indiana",6218,304,30,48,0,16,0,16,0,16,0,16,0,16,0,16,0,16,32,40,13,22,47,51,30,42,129,114,30,36,117,74,1314,262,317,144,369,166,1638,386,950,296,969,257,194,108,39,46,0,16
1400000US18097370302,18097370302,"Census Tract 3703.02, Marion County, Indiana",5629,442,0,16,0,16,0,16,0,16,0,16,0,16,0,16,0,16,0,16,0,16,39,49,88,82,182,91,52,49,47,46,1572,316,614,197,642,253,803,263,662,207,726,218,202,110,0,16,0,16
1400000US18097380100,18097380100,"Census Tract 3801, Marion County, Indiana",11411,885,135,144,0,18,0,18,0,18,100,118,0,18,0,18,0,18,132,175,59,99,0,18,175,185,186,216,268,253,199,186,2506,661,347,227,582,257,1878,651,798,335,2335,607,1156,370,37,67,518,459
1400000US18097380200,18097380200,"Census Tract 3802, Marion County, Indiana",2378,252,37,35,0,11,0,11,0,11,0,11,7,11,0,11,36,49,51,78,5,9,32,31,75,61,112,79,69,48,67,49,855,174,184,112,68,48,413,156,109,63,213,97,37,36,8,13,0,11
1400000US18097380300,18097380300,"Census Tract 3803, Marion County, Indiana",2932,297,36,41,0,16,0,16,0,16,0,16,14,17,0,16,0,16,31,51,6,10,55,48,51,41,344,161,226,99,124,71,842,175,304,126,200,95,378,143,103,51,160,81,39,33,0,16,19,22
1400000US18097380402,18097380402,"Census Tract 3804.02, Marion County, Indiana",2989,244,31,26,0,16,0,16,0,16,0,16,0,16,9,14,9,14,16,21,15,20,85,46,35,26,41,40,135,77,88,79,972,211,160,69,300,119,590,143,190,100,233,83,80,49,0,16,0,16
1400000US18097380403,18097380403,"Census Tract 3804.03, Marion County, Indiana",2515,273,10,16,0,11,0,11,0,11,0,11,0,11,0,11,0,11,0,11,9,14,42,39,51,36,77,55,65,41,27,22,967,180,118,52,228,94,397,122,131,54,271,100,94,47,10,17,18,20
1400000US18097380404,18097380404,"Census Tract 3804.04, Marion County, Indiana",2799,238,25,28,0,11,0,11,0,11,0,11,0,11,0,11,0,11,8,13,0,11,83,69,0,11,77,45,46,36,35,28,870,168,203,84,180,80,423,127,285,100,405,133,113,49,38,35,8,13
1400000US18097380501,18097380501,"Census Tract 3805.01, Marion County, Indiana",1763,276,7,10,0,11,0,11,0,11,0,11,7,11,0,11,0,11,0,11,0,11,29,35,59,60,33,29,35,31,27,29,643,222,74,50,220,152,273,91,77,53,140,71,77,60,62,74,0,11
1400000US18097380502,18097380502,"Census Tract 3805.02, Marion County, Indiana",2085,208,8,11,0,11,6,10,10,18,0,11,0,11,0,11,0,11,36,44,34,37,35,33,33,30,109,58,58,50,11,17,692,185,194,91,141,64,352,121,62,46,190,87,60,41,8,12,46,35
1400000US18097380600,18097380600,"Census Tract 3806, Marion County, Indiana",3326,375,13,21,0,16,13,21,0,16,0,16,0,16,0,16,0,16,110,98,0,16,15,26,43,65,95,83,169,153,0,16,1221,286,192,104,153,88,393,159,271,210,535,200,88,74,15,23,0,16
1400000US18097380700,18097380700,"Census Tract 3807, Marion County, Indiana",3696,525,159,136,0,16,0,16,0,16,0,16,0,16,9,15,0,16,0,16,13,23,238,144,85,68,119,88,239,174,92,92,938,320,150,92,219,118,599,176,338,196,390,158,93,65,0,16,15,23
1400000US18097380800,18097380800,"Census Tract 3808, Marion County, Indiana",1845,135,9,13,0,11,0,11,0,11,0,11,0,11,0,11,14,22,0,11,0,11,16,19,34,40,42,30,70,67,26,23,692,125,189,67,159,73,279,118,96,56,163,61,56,41,0,11,0,11
1400000US18097380901,18097380901,"Census Tract 3809.01, Marion County, Indiana",3489,177,39,43,0,16,0,16,0,16,0,16,42,44,8,12,17,25,9,13,9,15,50,34,16,17,24,31,40,49,91,51,971,162,85,43,194,79,544,126,270,91,749,170,288,86,43,32,0,16
1400000US18097380902,18097380902,"Census Tract 3809.02, Marion County, Indiana",4013,233,63,61,0,16,0,16,0,16,0,16,0,16,0,16,0,16,0,16,0,16,0,16,48,44,33,37,0,16,58,44,986,249,57,46,281,107,635,206,286,129,1066,238,342,127,85,56,73,80
1400000US18097381001,18097381001,"Census Tract 3810.01, Marion County, Indiana",4970,385,336,199,0,16,0,16,62,92,0,16,17,29,273,227,15,20,6,8,27,34,131,111,104,66,269,140,21,19,10,10,1509,286,97,79,190,77,713,217,291,136,717,185,138,74,13,11,31,43
1400000US18097381002,18097381002,"Census Tract 3810.02, Marion County, Indiana",2100,152,4,7,0,11,0,11,0,11,39,45,0,11,30,35,0,11,0,11,0,11,29,25,26,31,19,18,20,14,9,11,682,143,45,34,96,50,351,87,161,66,384,98,179,51,8,8,18,16
1400000US18097381101,18097381101,"Census Tract 3811.01, Marion County, Indiana",3872,232,14,22,0,16,0,16,0,16,0,16,0,16,0,16,0,16,0,16,0,16,16,27,11,19,46,44,34,35,13,20,885,193,86,56,235,101,650,183,245,110,1118,193,339,111,104,79,76,53
1400000US18097381102,18097381102,"Census Tract 3811.02, Marion County, Indiana",4352,373,50,51,0,16,0,16,0,16,0,16,18,28,0,16,0,16,0,16,0,16,58,47,48,59,236,128,113,98,128,90,971,212,229,105,246,110,574,200,298,120,905,237,357,163,121,72,0,16
1400000US18097381201,18097381201,"Census Tract 3812.01, Marion County, Indiana",5065,312,59,89,0,16,0,16,0,16,0,16,0,16,0,16,0,16,0,16,16,26,16,26,17,26,111,74,77,67,51,41,1318,261,258,145,226,89,537,145,578,169,1217,217,424,151,137,83,23,33
1400000US18097381203,18097381203,"Census Tract 3812.03, Marion County, Indiana",1894,177,135,67,0,11,0,11,0,11,0,11,0,11,19,21,0,11,62,56,47,46,40,42,62,48,77,61,50,42,41,40,675,146,116,62,48,38,172,75,101,50,145,61,71,36,13,18,20,26
1400000US18097381204,18097381204,"Census Tract 3812.04, Marion County, Indiana",2370,210,21,24,0,11,0,11,0,11,0,11,0,11,0,11,26,43,58,59,36,38,30,28,55,41,86,66,113,57,15,16,581,145,142,54,103,51,369,132,137,74,291,132,260,141,29,30,18,21
1400000US18097381205,18097381205,"Census Tract 3812.05, Marion County, Indiana",3803,272,12,19,0,16,0,16,18,36,0,16,0,16,0,16,0,16,22,42,50,70,130,139,61,76,190,142,109,120,52,64,1142,261,235,107,308,128,575,187,336,152,428,166,119,74,16,27,0,16
1400000US18097390101,18097390101,"Census Tract 3901.01, Marion County, Indiana",5464,282,26,31,0,16,0,16,0,16,0,16,0,16,0,16,29,45,0,16,0,16,22,36,96,81,115,88,167,104,67,47,1407,342,350,139,371,159,491,161,563,195,1160,267,561,169,39,39,0,16
1400000US18097390102,18097390102,"Census Tract 3901.02, Marion County, Indiana",2899,256,80,61,0,16,0,16,0,16,0,16,0,16,0,16,0,16,0,16,44,51,57,70,29,46,126,95,39,37,20,31,756,206,102,67,169,82,552,147,299,123,471,167,127,75,18,28,10,18
1400000US18097390200,18097390200,"Census Tract 3902, Marion County, Indiana",2141,268,33,38,0,11,0,11,0,11,0,11,0,11,9,13,0,11,0,11,15,22,29,24,0,11,40,33,29,26,60,52,569,125,109,58,27,25,432,135,154,56,523,133,95,49,17,21,0,11
1400000US18097390300,18097390300,"Census Tract 3903, Marion County, Indiana",3713,230,22,25,0,16,0,16,0,16,0,16,0,16,0,16,0,16,11,17,0,16,9,15,12,19,102,65,91,60,13,22,1045,203,181,82,327,112,554,167,327,102,745,152,209,72,27,23,38,62
1400000US18097390402,18097390402,"Census Tract 3904.02, Marion County, Indiana",7683,390,31,47,0,18,0,18,0,18,0,18,0,18,0,18,0,18,0,18,0,18,0,18,11,53,57,54,55,65,67,67,1775,425,293,147,347,210,1257,353,765,254,2342,556,522,224,55,55,106,102
1400000US18097390403,18097390403,"Census Tract 3904.03, Marion County, Indiana",6321,282,21,33,0,18,0,18,0,18,0,18,0,18,0,18,0,18,0,18,0,18,0,18,26,32,75,48,40,38,64,44,1025,197,132,80,483,134,987,209,659,175,1870,304,694,167,154,77,91,52
1400000US18097390404,18097390404,"Census Tract 3904.04, Marion County, Indiana",3891,286,9,16,0,16,0,16,0,16,0,16,0,16,0,16,0,16,0,16,0,16,0,16,145,114,48,59,96,81,87,76,1321,354,145,78,243,103,528,179,373,140,623,230,193,117,80,64,0,16
1400000US18097390405,18097390405,"Census Tract 3904.05, Marion County, Indiana",2653,194,10,16,0,11,0,11,0,11,0,11,0,11,0,11,0,11,0,11,0,11,58,66,58,52,33,37,39,48,51,46,493,150,56,35,98,59,397,96,193,71,682,153,291,134,137,81,57,38
1400000US18097390500,18097390500,"Census Tract 3905, Marion County, Indiana",1708,144,17,19,0,11,0,11,0,11,0,11,13,21,0,11,0,11,24,26,0,11,13,11,18,15,54,30,127,53,44,32,498,103,139,51,86,39,360,79,96,44,101,67,59,30,38,31,21,18
1400000US18097390600,18097390600,"Census Tract 3906, Marion County, Indiana",3586,285,0,16,0,16,0,16,0,16,0,16,0,16,0,16,0,16,164,217,0,16,45,44,15,19,0,16,52,61,24,38,825,236,110,91,213,110,590,161,350,160,926,237,200,107,72,53,0,16
1400000US18097390700,18097390700,"Census Tract 3907, Marion County, Indiana",1700,254,100,115,0,11,0,11,0,11,0,11,2,5,0,11,0,11,115,94,0,11,71,50,96,63,115,67,127,73,65,49,284,107,85,77,109,65,224,99,112,70,113,61,82,70,0,11,0,11
1400000US18097390800,18097390800,"Census Tract 3908, Marion County, Indiana",2503,223,66,40,0,11,0,11,0,11,0,11,0,11,0,11,11,16,0,11,0,11,34,53,44,45,50,43,121,108,22,31,844,170,114,74,210,94,481,138,203,88,247,93,44,34,12,19,0,11
1400000US18097390900,18097390900,"Census Tract 3909, Marion County, Indiana",1662,263,0,11,0,11,0,11,0,11,4,8,0,11,16,25,0,11,0,11,24,25,44,34,16,18,0,11,36,37,0,11,145,69,15,19,124,76,169,75,112,76,563,144,233,97,141,87,20,24
1400000US18097391000,18097391000,"Census Tract 3910, Marion County, Indiana",3430,469,6,10,0,16,0,16,0,16,0,16,0,16,0,16,0,16,0,16,3,5,0,16,58,63,62,46,77,49,15,32,166,101,56,34,71,73,337,161,125,83,1355,364,516,182,445,151,138,93
