GEO.id,GEO.id2,GEO.display-label,HD01_VD01,HD02_VD01,HD01_VD02,HD02_VD02,HD01_VD03,HD02_VD03,HD01_VD04,HD02_VD04,HD01_VD05,HD02_VD05,HD01_VD06,HD02_VD06,HD01_VD07,HD02_VD07,HD01_VD08,HD02_VD08,HD01_VD09,HD02_VD09,HD01_VD10,HD02_VD10,HD01_VD11,HD02_VD11,HD01_VD12,HD02_VD12,HD01_VD13,HD02_VD13,HD01_VD14,HD02_VD14,HD01_VD15,HD02_VD15,HD01_VD16,HD02_VD16,HD01_VD17,HD02_VD17,HD01_VD18,HD02_VD18,HD01_VD19,HD02_VD19,HD01_VD20,HD02_VD20,HD01_VD21,HD02_VD21,HD01_VD22,HD02_VD22,HD01_VD23,HD02_VD23,HD01_VD24,HD02_VD24,HD01_VD25,HD02_VD25
Id,Id2,Geography,Estimate; Total:,Margin of Error; Total:,Estimate; Total: - No schooling completed,Margin of Error; Total: - No schooling completed,Estimate; Total: - Nursery school,Margin of Error; Total: - Nursery school,Estimate; Total: - Kindergarten,Margin of Error; Total: - Kindergarten,Estimate; Total: - 1st grade,Margin of Error; Total: - 1st grade,Estimate; Total: - 2nd grade,Margin of Error; Total: - 2nd grade,Estimate; Total: - 3rd grade,Margin of Error; Total: - 3rd grade,Estimate; Total: - 4th grade,Margin of Error; Total: - 4th grade,Estimate; Total: - 5th grade,Margin of Error; Total: - 5th grade,Estimate; Total: - 6th grade,Margin of Error; Total: - 6th grade,Estimate; Total: - 7th grade,Margin of Error; Total: - 7th grade,Estimate; Total: - 8th grade,Margin of Error; Total: - 8th grade,Estimate; Total: - 9th grade,Margin of Error; Total: - 9th grade,Estimate; Total: - 10th grade,Margin of Error; Total: - 10th grade,Estimate; Total: - 11th grade,Margin of Error; Total: - 11th grade,"Estimate; Total: - 12th grade, no diploma","Margin of Error; Total: - 12th grade, no diploma",Estimate; Total: - Regular high school diploma,Margin of Error; Total: - Regular high school diploma,Estimate; Total: - GED or alternative credential,Margin of Error; Total: - GED or alternative credential,"Estimate; Total: - Some college, less than 1 year","Margin of Error; Total: - Some college, less than 1 year","Estimate; Total: - Some college, 1 or more years, no degree","Margin of Error; Total: - Some college, 1 or more years, no degree",Estimate; Total: - Associate's degree,Margin of Error; Total: - Associate's degree,Estimate; Total: - Bachelor's degree,Margin of Error; Total: - Bachelor's degree,Estimate; Total: - Master's degree,Margin of Error; Total: - Master's degree,Estimate; Total: - Professional school degree,Margin of Error; Total: - Professional school degree,Estimate; Total: - Doctorate degree,Margin of Error; Total: - Doctorate degree
1400000US25027700100,25027700100,"Census Tract 7001, Worcester County, Massachusetts",4177,228,40,44,0,17,0,17,0,17,0,17,0,17,0,17,0,17,0,17,0,17,0,17,14,34,31,37,75,63,0,17,984,240,96,81,338,119,464,203,522,152,1103,257,486,155,24,37,0,17
1400000US25027701100,25027701100,"Census Tract 7011, Worcester County, Massachusetts",6033,354,159,133,0,17,0,17,0,17,0,17,0,17,0,17,0,17,20,24,0,17,14,21,87,75,154,96,71,59,199,135,1815,384,292,156,417,209,920,303,760,238,705,194,350,148,34,40,36,35
1400000US25027702200,25027702200,"Census Tract 7022, Worcester County, Massachusetts",2304,144,13,16,0,12,0,12,0,12,0,12,7,5,0,12,10,14,0,12,3,4,105,51,29,28,9,11,61,54,44,24,865,156,112,46,93,34,302,78,276,84,241,82,88,34,21,18,25,18
1400000US25027703100,25027703100,"Census Tract 7031, Worcester County, Massachusetts",3153,266,27,40,0,12,0,12,0,12,0,12,0,12,0,12,0,12,31,45,0,12,35,45,69,45,222,103,71,70,20,22,1337,223,150,77,100,61,389,117,251,94,326,104,125,54,0,12,0,12
1400000US25027703200,25027703200,"Census Tract 7032, Worcester County, Massachusetts",2458,165,65,61,0,12,0,12,0,12,0,12,0,12,0,12,0,12,0,12,30,36,41,44,106,77,89,65,49,33,13,21,640,150,104,51,77,49,408,106,409,100,264,88,110,65,12,11,41,40
1400000US25027703300,25027703300,"Census Tract 7033, Worcester County, Massachusetts",2633,181,9,13,0,12,0,12,0,12,0,12,0,12,0,12,12,19,17,19,9,13,22,24,32,27,49,37,67,49,33,25,812,160,101,53,197,72,405,118,295,96,452,138,99,59,0,12,22,25
1400000US25027704200,25027704200,"Census Tract 7042, Worcester County, Massachusetts",2065,125,10,8,0,12,0,12,0,12,0,12,0,12,0,12,0,12,0,12,3,4,10,9,5,7,26,12,30,17,18,11,641,91,64,25,149,31,311,70,218,44,311,60,171,40,35,14,63,30
1400000US25027705100,25027705100,"Census Tract 7051, Worcester County, Massachusetts",6000,263,44,43,0,17,0,17,0,17,0,17,0,17,0,17,18,30,0,17,0,17,63,54,94,81,197,102,85,104,65,54,1997,313,251,112,347,146,1025,268,701,200,721,215,312,141,0,17,80,96
1400000US25027706100,25027706100,"Census Tract 7061, Worcester County, Massachusetts",3126,144,8,12,0,12,0,12,0,12,0,12,0,12,0,12,0,12,0,12,0,12,26,40,39,32,38,30,33,28,41,38,944,165,88,58,303,87,425,94,338,93,510,122,257,99,48,48,28,25
1400000US25027707100,25027707100,"Census Tract 7071, Worcester County, Massachusetts",2803,183,24,23,0,12,0,12,0,12,0,12,0,12,0,12,0,12,0,12,0,12,37,29,15,17,119,75,76,52,46,39,914,169,93,58,174,71,505,130,291,81,303,97,176,65,18,20,12,18
1400000US25027707200,25027707200,"Census Tract 7072, Worcester County, Massachusetts",1497,144,1,6,2,7,0,12,0,12,0,12,8,12,0,12,0,12,0,12,14,12,19,16,31,30,36,27,59,33,27,22,457,85,42,20,126,44,292,81,168,55,150,48,47,26,18,13,0,12
1400000US25027707300,25027707300,"Census Tract 7073, Worcester County, Massachusetts",2715,260,61,39,0,12,0,12,0,12,0,12,0,12,0,12,8,13,19,20,34,32,64,57,124,79,47,37,81,61,10,16,966,187,339,98,210,86,251,103,284,98,118,69,89,48,0,12,10,17
1400000US25027707400,25027707400,"Census Tract 7074, Worcester County, Massachusetts",3032,205,20,23,0,12,0,12,0,12,0,12,0,12,9,14,0,12,0,12,34,40,44,34,56,37,79,47,64,36,50,46,916,198,121,62,263,103,408,128,421,98,413,114,111,55,18,20,5,9
1400000US25027707500,25027707500,"Census Tract 7075, Worcester County, Massachusetts",4182,373,0,17,0,17,8,14,0,17,0,17,0,17,0,17,15,25,12,17,126,126,114,62,100,106,85,46,146,61,25,29,1011,183,385,131,286,134,449,172,395,169,585,168,363,122,55,41,22,34
1400000US25027708100,25027708100,"Census Tract 7081, Worcester County, Massachusetts",5358,159,37,62,0,17,0,17,0,17,0,17,0,17,0,17,0,17,0,17,36,39,0,17,0,17,33,38,132,91,76,63,1093,329,33,36,227,112,649,205,720,186,1477,255,561,169,126,79,158,97
1400000US25027709100,25027709100,"Census Tract 7091, Worcester County, Massachusetts",2825,259,31,25,0,12,0,12,0,12,0,12,0,12,0,12,0,12,14,23,0,12,10,15,0,12,103,91,32,28,23,22,618,221,89,48,319,128,395,147,250,80,643,161,268,95,23,20,7,12
1400000US25027709201,25027709201,"Census Tract 7092.01, Worcester County, Massachusetts",4780,304,95,75,18,28,0,17,0,17,0,17,20,31,0,17,0,17,0,17,15,23,31,36,0,17,33,37,62,48,44,44,1516,253,254,187,299,121,650,187,316,114,988,224,372,126,44,40,23,36
1400000US25027709202,25027709202,"Census Tract 7092.02, Worcester County, Massachusetts",5061,319,89,76,0,17,0,17,0,17,0,17,0,17,0,17,27,30,95,105,216,174,48,76,111,97,96,81,320,154,130,97,1276,221,231,139,378,137,556,172,291,144,914,224,213,94,29,39,41,38
1400000US25027709400,25027709400,"Census Tract 7094, Worcester County, Massachusetts",3134,240,50,49,0,12,0,12,0,12,0,12,0,12,0,12,48,60,40,52,0,12,59,41,74,70,54,41,126,104,99,72,1031,220,111,69,223,93,329,114,220,103,547,183,86,54,29,34,8,12
1400000US25027709501,25027709501,"Census Tract 7095.01, Worcester County, Massachusetts",1502,136,1,2,0,12,0,12,0,12,0,12,0,12,0,12,4,7,0,12,7,11,3,7,6,8,18,24,26,25,6,9,317,66,38,33,97,37,146,48,177,79,392,78,226,60,25,20,13,11
1400000US25027709502,25027709502,"Census Tract 7095.02, Worcester County, Massachusetts",4093,266,57,79,0,17,0,17,0,17,0,17,21,33,16,27,0,17,0,17,0,17,67,84,63,48,0,17,8,9,195,118,973,231,213,111,171,87,512,165,556,150,647,185,429,152,17,27,148,114
1400000US25027709600,25027709600,"Census Tract 7096, Worcester County, Massachusetts",1933,202,11,17,5,12,0,12,0,12,0,12,9,14,0,12,0,12,0,12,8,12,92,53,45,48,40,26,29,31,129,79,606,148,100,56,133,71,264,97,143,74,248,108,64,43,0,12,7,14
1400000US25027709701,25027709701,"Census Tract 7097.01, Worcester County, Massachusetts",3858,292,31,47,0,17,0,17,0,17,0,17,37,60,0,17,0,17,6,12,16,22,38,36,58,82,179,117,64,65,119,100,978,228,190,158,178,87,441,140,353,111,726,210,424,132,20,31,0,17
1400000US25027709702,25027709702,"Census Tract 7097.02, Worcester County, Massachusetts",1898,152,103,107,0,12,0,12,0,12,0,12,8,12,0,12,0,12,11,16,0,12,33,40,7,11,14,17,7,10,16,18,522,150,45,32,81,44,293,107,219,83,311,93,168,60,44,45,16,19
1400000US25027710100,25027710100,"Census Tract 7101, Worcester County, Massachusetts",2405,192,140,84,0,12,0,12,0,12,0,12,0,12,0,12,36,37,5,10,15,33,93,61,82,65,108,73,79,63,41,29,744,181,104,64,127,69,280,83,175,82,317,104,42,30,0,12,17,19
1400000US25027710200,25027710200,"Census Tract 7102, Worcester County, Massachusetts",4772,294,80,77,0,17,0,17,0,17,0,17,0,17,26,31,0,17,0,17,38,38,37,29,108,90,102,78,88,91,112,57,1217,331,204,105,267,132,627,202,558,188,792,232,454,139,33,38,29,35
1400000US25027710300,25027710300,"Census Tract 7103, Worcester County, Massachusetts",2031,173,4,5,0,12,10,16,0,12,0,12,0,12,5,13,0,12,0,12,0,12,27,26,0,12,36,43,62,58,59,49,612,186,130,71,179,76,164,74,211,73,308,117,218,96,0,12,6,11
1400000US25027710400,25027710400,"Census Tract 7104, Worcester County, Massachusetts",1567,136,23,18,0,12,0,12,0,12,0,12,7,11,0,12,0,12,33,27,0,12,22,17,20,25,38,29,48,32,54,37,422,81,72,38,115,49,222,79,188,55,209,60,77,43,6,9,11,16
1400000US25027710500,25027710500,"Census Tract 7105, Worcester County, Massachusetts",1994,185,65,42,0,12,0,12,0,12,0,12,0,12,0,12,0,12,2,4,0,12,21,19,141,91,87,47,58,44,67,61,680,130,113,51,141,67,271,110,207,93,118,58,14,21,0,12,9,13
1400000US25027710600,25027710600,"Census Tract 7106, Worcester County, Massachusetts",4402,416,66,73,0,17,0,17,0,17,0,17,0,17,19,30,71,74,149,140,0,17,36,39,142,185,191,191,136,112,115,100,1532,499,242,106,407,201,395,195,401,167,335,131,134,85,14,24,17,29
1400000US25027710700,25027710700,"Census Tract 7107, Worcester County, Massachusetts",1109,120,64,32,0,12,0,12,0,12,0,12,43,56,0,12,0,12,10,11,7,9,66,40,26,22,89,50,46,37,17,20,305,67,66,38,27,19,134,59,80,38,64,35,50,31,8,12,7,11
1400000US25027710800,25027710800,"Census Tract 7108, Worcester County, Massachusetts",2410,241,67,47,0,12,0,12,0,12,0,12,0,12,8,14,0,12,39,42,14,18,57,45,53,61,85,55,146,103,8,13,631,140,281,107,200,96,187,90,125,55,381,115,109,58,8,14,11,19
1400000US25027711000,25027711000,"Census Tract 7110, Worcester County, Massachusetts",1676,202,40,52,0,12,0,12,0,12,0,12,26,42,0,12,8,14,76,65,10,14,17,18,8,17,41,41,38,44,15,19,546,151,84,52,141,72,215,86,142,80,156,85,61,46,26,37,26,21
1400000US25027711100,25027711100,"Census Tract 7111, Worcester County, Massachusetts",3196,241,30,27,0,17,0,17,0,17,0,17,0,17,23,34,0,17,12,18,42,39,77,54,73,58,40,36,23,21,96,61,809,168,86,42,338,87,274,106,168,61,660,129,409,123,26,30,10,16
1400000US25027712101,25027712101,"Census Tract 7121.01, Worcester County, Massachusetts",4904,178,23,27,0,17,0,17,0,17,0,17,0,17,52,80,0,17,0,17,0,17,39,40,57,63,15,25,86,88,80,65,1333,274,136,131,288,131,622,226,456,148,1119,261,533,176,36,50,29,33
1400000US25027712102,25027712102,"Census Tract 7121.02, Worcester County, Massachusetts",2967,158,11,18,0,12,0,12,0,12,0,12,0,12,0,12,0,12,0,12,10,15,62,49,9,14,47,35,48,30,21,24,619,144,76,44,271,90,284,93,349,88,707,135,331,92,105,55,17,26
1400000US25027713100,25027713100,"Census Tract 7131, Worcester County, Massachusetts",5716,230,2,4,0,17,0,17,0,17,0,17,18,30,16,27,16,26,7,14,49,40,76,48,63,33,129,75,174,67,51,46,1059,284,419,205,269,120,914,203,575,141,1295,262,456,133,61,49,67,53
1400000US25027715100,25027715100,"Census Tract 7151, Worcester County, Massachusetts",3437,98,29,27,0,17,0,17,0,17,0,17,0,17,20,30,0,17,8,13,0,17,0,17,0,17,9,14,0,17,11,16,419,114,109,48,121,46,205,76,151,55,1228,153,788,130,155,64,184,86
1400000US25027716100,25027716100,"Census Tract 7161, Worcester County, Massachusetts",5391,335,19,28,2,5,0,17,0,17,24,35,0,17,34,54,0,17,2,5,0,17,26,30,0,17,61,79,135,146,34,37,1443,308,101,69,308,106,514,142,553,170,1429,316,618,215,54,49,34,32
1400000US25027716200,25027716200,"Census Tract 7162, Worcester County, Massachusetts",1762,175,22,28,0,12,0,12,0,12,0,12,0,12,0,12,0,12,0,12,0,12,0,12,0,12,16,17,75,61,41,37,587,135,51,39,145,76,273,83,123,61,246,85,127,70,56,60,0,12
1400000US25027716300,25027716300,"Census Tract 7163, Worcester County, Massachusetts",2466,182,25,26,0,12,0,12,0,12,24,36,0,12,10,15,7,11,19,23,0,12,31,46,15,17,66,53,153,99,94,60,678,204,114,63,90,32,279,113,160,58,486,120,133,62,15,16,67,57
1400000US25027717100,25027717100,"Census Tract 7171, Worcester County, Massachusetts",2295,74,6,8,0,12,0,12,0,12,0,12,0,12,7,10,0,12,0,12,1,2,32,33,19,23,5,7,15,14,40,27,549,113,39,21,121,42,215,59,178,49,655,101,310,69,48,23,55,29
1400000US25027718100,25027718100,"Census Tract 7181, Worcester County, Massachusetts",3198,119,11,17,27,40,0,12,0,12,0,12,0,12,0,12,0,12,0,12,0,12,14,17,0,12,6,10,65,57,28,33,585,145,15,19,96,46,314,89,326,123,1069,195,444,112,145,70,53,29
1400000US25027719100,25027719100,"Census Tract 7191, Worcester County, Massachusetts",5600,186,51,62,0,17,0,17,0,17,0,17,0,17,0,17,0,17,0,17,0,17,5,14,0,17,78,61,64,81,65,53,1074,256,84,67,274,120,678,208,431,136,1630,248,943,241,95,61,128,80
1400000US25027720100,25027720100,"Census Tract 7201, Worcester County, Massachusetts",2454,121,0,12,0,12,0,12,0,12,0,12,0,12,0,12,0,12,0,12,0,12,4,9,0,12,0,12,18,19,12,17,365,90,76,46,79,50,189,75,278,83,697,153,473,140,168,58,95,51
1400000US25027721101,25027721101,"Census Tract 7211.01, Worcester County, Massachusetts",1276,74,8,7,0,12,0,12,0,12,0,12,0,12,0,12,0,12,0,12,3,5,3,4,6,6,14,9,29,14,17,11,317,62,39,18,99,29,142,31,124,29,280,39,156,34,17,10,22,13
1400000US25027721102,25027721102,"Census Tract 7211.02, Worcester County, Massachusetts",5474,349,11,27,0,17,0,17,0,17,0,17,0,17,0,17,0,17,0,17,0,17,14,23,0,17,0,17,0,17,42,43,1535,311,100,91,294,116,575,193,510,172,1580,260,557,172,147,96,109,61
1400000US25027722100,25027722100,"Census Tract 7221, Worcester County, Massachusetts",3728,197,0,17,0,17,0,17,0,17,0,17,0,17,0,17,0,17,0,17,0,17,0,17,18,29,43,53,48,46,43,42,1326,279,165,88,326,119,405,135,321,120,538,170,327,150,92,95,76,74
1400000US25027723100,25027723100,"Census Tract 7231, Worcester County, Massachusetts",2918,151,12,13,0,12,0,12,0,12,0,12,0,12,0,12,0,12,0,12,0,12,29,31,25,16,53,29,40,22,40,31,945,141,77,26,154,44,456,81,271,72,510,92,233,54,44,33,29,20
1400000US25027724100,25027724100,"Census Tract 7241, Worcester County, Massachusetts",2819,113,45,34,0,12,0,12,0,12,0,12,0,12,5,11,0,12,20,27,0,12,5,10,26,24,71,48,42,32,62,39,941,200,83,54,126,54,280,100,199,74,568,132,258,105,69,72,19,21
1400000US25027725100,25027725100,"Census Tract 7251, Worcester County, Massachusetts",3279,203,24,23,0,12,0,12,0,12,0,12,0,12,0,12,0,12,0,12,9,15,13,14,0,12,93,48,47,33,35,30,1213,156,106,52,234,78,389,106,239,62,510,132,294,90,20,23,53,45
1400000US25027726100,25027726100,"Census Tract 7261, Worcester County, Massachusetts",4372,286,72,63,1,4,0,17,0,17,0,17,0,17,0,17,0,17,13,23,38,51,0,17,12,29,93,77,94,72,40,45,1288,244,112,89,322,130,564,167,395,170,699,193,505,145,31,37,93,92
1400000US25027726200,25027726200,"Census Tract 7262, Worcester County, Massachusetts",4283,334,139,95,0,17,0,17,0,17,0,17,48,75,0,17,0,17,34,38,0,17,48,44,53,51,96,90,207,102,113,75,1639,263,163,97,174,77,673,219,318,117,434,156,107,77,19,23,18,29
1400000US25027727100,25027727100,"Census Tract 7271, Worcester County, Massachusetts",3023,187,22,26,0,12,0,12,0,12,0,12,0,12,0,12,0,12,29,39,0,12,0,12,11,17,8,12,11,16,48,35,331,91,33,28,232,76,439,124,271,77,787,116,492,111,142,93,167,68
1400000US25027728100,25027728100,"Census Tract 7281, Worcester County, Massachusetts",2988,145,41,53,0,12,0,12,0,12,0,12,0,12,0,12,0,12,0,12,0,12,0,12,8,12,13,19,0,12,21,23,533,139,71,48,117,55,295,113,205,74,908,133,529,116,132,63,115,59
1400000US25027728200,25027728200,"Census Tract 7282, Worcester County, Massachusetts",2860,161,9,13,0,12,0,12,0,12,0,12,0,12,0,12,0,12,0,12,0,12,0,12,8,14,8,14,15,23,44,47,516,108,51,38,162,51,287,111,263,86,816,180,551,103,41,37,89,47
1400000US25027728300,25027728300,"Census Tract 7283, Worcester County, Massachusetts",3225,166,0,12,0,12,0,12,0,12,0,12,0,12,0,12,7,12,8,11,0,12,34,31,20,28,35,27,31,26,34,34,499,145,77,45,121,55,372,94,287,86,947,144,580,111,55,46,118,60
1400000US25027728400,25027728400,"Census Tract 7284, Worcester County, Massachusetts",3559,194,1,4,0,17,0,17,0,17,0,17,0,17,0,17,0,17,0,17,11,18,10,15,43,43,9,14,44,43,38,31,658,155,58,44,259,69,344,114,286,90,890,134,758,137,63,36,87,40
1400000US25027729100,25027729100,"Census Tract 7291, Worcester County, Massachusetts",4472,517,50,33,0,17,0,17,0,17,0,17,0,17,5,9,0,17,54,49,10,15,60,45,71,49,150,85,214,74,51,44,913,234,595,282,271,77,402,96,346,76,771,167,398,102,50,34,61,39
1400000US25027729200,25027729200,"Census Tract 7292, Worcester County, Massachusetts",1632,331,13,18,0,12,0,12,0,12,0,12,0,12,0,12,0,12,17,27,0,12,0,12,0,12,26,22,9,9,20,26,388,120,20,17,141,65,218,88,224,83,376,125,152,63,21,20,7,11
1400000US25027730100,25027730100,"Census Tract 7301, Worcester County, Massachusetts",4278,289,33,41,0,17,0,17,0,17,23,35,0,17,0,17,0,17,0,17,0,17,24,38,24,38,97,74,23,36,30,37,1031,259,62,57,171,88,591,244,529,213,1082,243,512,168,45,50,1,2
1400000US25027730200,25027730200,"Census Tract 7302, Worcester County, Massachusetts",3820,273,35,44,0,12,0,12,0,12,0,12,0,12,0,12,0,12,3,6,15,26,17,27,12,21,56,58,23,31,122,93,760,184,191,73,97,62,521,176,409,133,833,197,528,156,120,158,78,54
1400000US25027730300,25027730300,"Census Tract 7303, Worcester County, Massachusetts",3592,309,33,46,0,12,0,12,0,12,0,12,0,12,0,12,0,12,17,20,10,15,9,14,12,15,7,12,10,15,65,46,831,209,167,76,234,86,572,144,270,105,887,212,356,97,61,52,51,32
1400000US25027730401,25027730401,"Census Tract 7304.01, Worcester County, Massachusetts",3602,284,78,88,0,17,0,17,0,17,0,17,0,17,26,41,0,17,0,17,81,77,52,51,130,91,257,157,56,64,65,45,922,233,223,117,207,105,293,119,253,101,684,217,221,119,17,23,37,43
1400000US25027730402,25027730402,"Census Tract 7304.02, Worcester County, Massachusetts",1143,158,0,12,0,12,0,12,0,12,0,12,0,12,0,12,0,12,9,12,6,9,0,12,7,11,64,63,38,31,35,32,312,114,76,44,79,37,157,59,59,30,172,62,102,56,2,6,25,22
1400000US25027730500,25027730500,"Census Tract 7305, Worcester County, Massachusetts",2285,237,33,40,0,12,0,12,0,12,0,12,0,12,0,12,0,12,20,32,8,12,61,79,8,12,5,12,81,63,41,34,609,182,190,97,138,73,236,110,130,65,565,134,100,58,7,12,53,35
1400000US25027730600,25027730600,"Census Tract 7306, Worcester County, Massachusetts",5354,312,19,29,0,17,0,17,0,17,0,17,0,17,0,17,0,17,2,13,0,17,15,25,37,40,88,76,43,70,81,66,868,223,132,97,410,181,539,171,330,116,1600,273,734,171,178,75,278,104
1400000US25027730700,25027730700,"Census Tract 7307, Worcester County, Massachusetts",5181,396,10,16,0,17,0,17,0,17,0,17,0,17,0,17,12,20,33,34,0,17,13,19,65,51,165,111,44,50,87,62,836,234,58,53,244,130,728,197,381,165,1434,304,732,179,206,115,133,82
1400000US25027730801,25027730801,"Census Tract 7308.01, Worcester County, Massachusetts",2634,140,32,35,0,12,0,12,0,12,0,12,0,12,0,12,0,12,0,12,0,12,11,17,0,12,8,12,8,12,0,12,219,72,39,33,134,58,372,94,242,83,670,98,502,106,241,101,156,71
1400000US25027730802,25027730802,"Census Tract 7308.02, Worcester County, Massachusetts",1440,116,27,30,0,12,0,12,0,12,23,36,0,12,0,12,0,12,11,11,0,12,0,12,0,12,0,12,7,10,29,22,142,55,74,54,35,20,162,58,37,23,415,112,295,78,84,53,99,44
1400000US25027730901,25027730901,"Census Tract 7309.01, Worcester County, Massachusetts",2357,203,3,6,0,12,0,12,0,12,0,12,0,12,0,12,0,12,8,13,0,12,0,12,0,12,26,25,25,23,30,27,442,124,63,42,169,75,197,82,135,61,690,156,331,91,123,59,115,58
1400000US25027730902,25027730902,"Census Tract 7309.02, Worcester County, Massachusetts",1847,177,0,12,0,12,0,12,0,12,0,12,0,12,0,12,0,12,0,12,0,12,4,13,0,12,45,47,13,21,18,20,365,161,129,80,60,45,130,55,126,62,607,114,233,82,76,66,41,32
1400000US25027731001,25027731001,"Census Tract 7310.01, Worcester County, Massachusetts",1546,147,47,24,0,12,0,12,3,5,0,12,3,5,4,6,21,16,2,7,4,6,21,20,11,13,16,21,40,34,34,23,452,96,58,28,63,35,229,69,118,51,305,84,104,47,7,11,4,6
1400000US25027731002,25027731002,"Census Tract 7310.02, Worcester County, Massachusetts",4194,339,103,70,0,17,0,17,18,28,21,35,12,23,19,36,12,20,15,24,12,29,116,86,33,35,91,68,149,123,106,75,1101,225,109,66,210,120,410,156,536,184,725,205,300,117,48,42,48,46
1400000US25027731101,25027731101,"Census Tract 7311.01, Worcester County, Massachusetts",2723,215,58,51,0,12,0,12,0,12,18,27,0,12,31,31,0,12,38,52,0,12,102,71,32,35,150,98,64,56,89,62,675,147,27,30,146,68,306,128,311,130,437,107,194,81,8,13,37,49
1400000US25027731102,25027731102,"Census Tract 7311.02, Worcester County, Massachusetts",2016,208,9,15,0,12,0,12,0,12,0,12,0,12,0,12,16,21,68,57,0,12,0,12,13,22,63,40,79,88,0,12,385,116,29,27,59,45,253,91,176,77,472,158,277,88,63,43,54,44
1400000US25027731202,25027731202,"Census Tract 7312.02, Worcester County, Massachusetts",16,22,0,12,0,12,0,12,0,12,0,12,0,12,0,12,0,12,0,12,0,12,0,12,0,12,0,12,0,12,0,12,0,12,0,12,0,12,10,19,0,12,6,11,0,12,0,12,0,12
1400000US25027731203,25027731203,"Census Tract 7312.03, Worcester County, Massachusetts",3946,598,101,83,8,17,0,17,0,17,72,72,14,22,36,57,0,17,121,124,11,20,215,154,128,80,162,119,91,89,88,52,1563,540,118,96,110,86,387,151,105,78,398,245,171,125,0,17,47,45
1400000US25027731204,25027731204,"Census Tract 7312.04, Worcester County, Massachusetts",1284,179,66,49,0,12,0,12,0,12,5,8,0,12,0,12,2,5,12,18,6,10,3,7,26,24,29,39,21,20,18,27,492,131,110,59,40,29,189,71,99,49,125,55,28,22,11,12,2,4
1400000US25027731300,25027731300,"Census Tract 7313, Worcester County, Massachusetts",2303,274,76,55,0,12,7,11,0,12,66,70,43,42,23,25,0,12,29,27,36,43,47,41,74,54,124,75,96,59,45,38,714,179,130,77,53,50,364,136,71,75,183,80,107,65,0,12,15,23
1400000US25027731400,25027731400,"Census Tract 7314, Worcester County, Massachusetts",3145,413,143,65,0,12,0,12,25,40,32,29,106,154,26,42,28,32,193,111,25,35,225,113,106,83,119,66,250,110,38,39,993,304,105,68,83,62,220,101,147,69,162,81,79,52,29,34,11,25
1400000US25027731500,25027731500,"Census Tract 7315, Worcester County, Massachusetts",3244,401,172,89,0,12,0,12,42,72,0,12,0,12,30,41,105,82,80,91,48,58,172,163,155,116,103,99,173,89,213,109,864,274,165,90,162,110,334,160,157,92,212,108,35,39,22,37,0,12
1400000US25027731600,25027731600,"Census Tract 7316, Worcester County, Massachusetts",2601,330,39,46,0,17,0,17,0,17,0,17,0,17,0,17,45,58,14,24,33,40,70,64,38,63,128,104,92,68,14,22,559,185,29,32,104,80,317,154,125,84,580,189,283,146,29,33,102,69
1400000US25027731700,25027731700,"Census Tract 7317, Worcester County, Massachusetts",1971,216,31,33,0,12,0,12,0,12,0,12,0,12,20,32,0,12,29,40,31,36,46,36,71,61,144,83,47,72,28,29,502,133,81,76,34,31,158,92,153,77,389,117,106,59,61,46,40,32
1400000US25027731800,25027731800,"Census Tract 7318, Worcester County, Massachusetts",4375,386,161,91,0,17,0,17,0,17,0,17,83,77,32,50,65,99,166,104,86,86,191,126,113,83,135,118,75,70,71,72,1215,248,229,118,176,121,600,204,329,143,436,141,75,82,89,71,48,47
1400000US25027731900,25027731900,"Census Tract 7319, Worcester County, Massachusetts",3138,344,124,81,0,17,0,17,0,17,14,16,0,17,16,21,63,55,31,31,40,47,19,26,216,162,98,89,74,43,48,39,716,166,265,141,153,78,458,147,236,101,388,143,122,69,57,40,0,17
1400000US25027732001,25027732001,"Census Tract 7320.01, Worcester County, Massachusetts",1522,166,60,78,0,12,0,12,0,12,0,12,16,24,26,29,12,18,0,12,0,12,49,39,64,56,51,41,76,57,21,30,401,133,123,64,90,68,216,95,119,65,128,73,40,31,17,19,13,20
1400000US25027732002,25027732002,"Census Tract 7320.02, Worcester County, Massachusetts",3388,311,47,46,0,12,0,12,0,12,0,12,0,12,12,26,28,41,0,12,15,20,43,36,0,12,81,44,14,20,83,55,1035,214,83,54,155,68,261,98,307,109,625,159,323,127,76,46,200,83
1400000US25027732201,25027732201,"Census Tract 7322.01, Worcester County, Massachusetts",2226,195,11,17,0,12,0,12,0,12,10,15,0,12,0,12,0,12,0,12,0,12,10,15,30,27,37,30,9,15,9,15,602,142,9,14,89,63,300,109,251,113,506,136,194,78,78,53,81,46
1400000US25027732202,25027732202,"Census Tract 7322.02, Worcester County, Massachusetts",2080,197,43,47,0,12,0,12,0,12,0,12,0,12,0,12,0,12,14,23,0,12,20,23,0,12,74,68,49,38,22,24,577,159,79,43,95,50,334,115,257,98,383,162,115,64,8,12,10,15
1400000US25027732203,25027732203,"Census Tract 7322.03, Worcester County, Massachusetts",2226,281,24,36,0,12,0,12,0,12,0,12,0,12,50,52,24,36,0,12,3,9,44,43,19,26,8,13,36,48,63,59,767,167,50,39,103,68,143,85,152,79,475,159,176,98,43,40,46,31
1400000US25027732301,25027732301,"Census Tract 7323.01, Worcester County, Massachusetts",3208,246,3,7,0,12,0,12,0,12,0,12,0,12,0,12,22,21,0,12,0,12,55,43,10,15,28,30,11,15,56,54,1079,199,108,60,118,61,486,146,324,83,610,176,254,78,7,13,37,37
1400000US25027732302,25027732302,"Census Tract 7323.02, Worcester County, Massachusetts",2783,344,27,32,0,12,0,12,0,12,0,12,32,33,0,12,22,24,16,19,42,53,30,36,71,72,98,75,104,65,89,69,823,208,119,67,180,95,307,168,261,110,416,137,126,67,9,13,11,16
1400000US25027732400,25027732400,"Census Tract 7324, Worcester County, Massachusetts",3775,388,130,76,0,17,0,17,0,17,19,30,0,17,25,30,0,17,52,47,24,28,22,23,86,74,98,77,84,64,59,37,1506,292,152,81,200,94,574,189,267,109,315,137,133,80,29,43,0,17
1400000US25027732500,25027732500,"Census Tract 7325, Worcester County, Massachusetts",1180,119,39,36,0,12,0,12,0,12,0,12,0,12,0,12,19,28,36,35,0,12,8,12,57,35,75,31,53,34,46,31,359,102,61,34,28,21,105,55,31,25,217,95,35,28,11,17,0,12
1400000US25027732600,25027732600,"Census Tract 7326, Worcester County, Massachusetts",2799,266,43,48,12,18,0,12,0,12,0,12,0,12,0,12,0,12,46,59,28,45,0,12,108,74,169,98,30,36,134,75,1004,220,145,82,130,69,321,108,170,87,316,118,123,67,9,15,11,18
1400000US25027732700,25027732700,"Census Tract 7327, Worcester County, Massachusetts",2719,270,25,28,0,12,0,12,22,36,0,12,0,12,35,51,0,12,29,45,25,28,34,35,94,74,94,54,249,121,19,18,891,213,64,37,95,67,475,133,231,81,215,95,95,60,0,12,27,43
1400000US25027732801,25027732801,"Census Tract 7328.01, Worcester County, Massachusetts",3542,346,51,63,0,12,0,12,0,12,0,12,0,12,0,12,0,12,28,46,0,12,10,17,54,74,33,38,77,66,67,66,844,278,50,41,132,74,311,121,416,168,974,271,330,135,116,77,49,56
1400000US25027732802,25027732802,"Census Tract 7328.02, Worcester County, Massachusetts",2850,300,20,23,0,12,0,12,0,12,0,12,0,12,0,12,12,21,15,22,9,15,59,101,11,19,34,32,21,33,22,25,872,185,62,38,149,77,287,106,372,117,639,199,156,63,79,46,31,36
1400000US25027732901,25027732901,"Census Tract 7329.01, Worcester County, Massachusetts",4760,382,92,82,0,17,0,17,0,17,31,50,27,41,0,17,0,17,0,17,14,23,117,129,135,71,100,60,167,132,129,78,1423,300,270,113,306,117,488,178,276,107,927,247,155,82,89,84,14,20
1400000US25027732902,25027732902,"Census Tract 7329.02, Worcester County, Massachusetts",37,26,5,7,0,12,0,12,0,12,0,12,0,12,0,12,0,12,0,12,0,12,0,12,0,12,0,12,0,12,0,12,5,12,0,12,0,12,0,12,0,12,23,27,4,14,0,12,0,12
1400000US25027733000,25027733000,"Census Tract 7330, Worcester County, Massachusetts",2553,328,69,48,0,12,0,12,0,12,0,12,0,12,18,29,0,12,26,27,30,28,76,61,118,70,149,73,51,40,75,52,964,246,47,35,155,79,344,153,142,75,170,82,69,37,0,12,50,33
1400000US25027733101,25027733101,"Census Tract 7331.01, Worcester County, Massachusetts",1565,117,55,38,0,12,0,12,0,12,0,12,0,12,0,12,0,12,0,12,0,12,64,56,24,19,44,36,2,6,22,22,384,91,60,33,106,47,253,72,98,52,254,98,177,77,0,12,22,20
1400000US25027733102,25027733102,"Census Tract 7331.02, Worcester County, Massachusetts",1581,164,0,12,0,12,0,12,0,12,0,12,6,8,0,12,0,12,0,12,0,12,5,9,47,34,48,33,29,29,38,22,484,106,48,40,63,33,275,86,136,51,271,94,119,42,5,8,7,8
1400000US25027735100,25027735100,"Census Tract 7351, Worcester County, Massachusetts",4745,196,24,35,43,68,0,17,0,17,0,17,0,17,0,17,30,38,52,83,23,36,34,39,88,89,69,54,101,66,52,48,1381,217,74,52,315,138,592,175,543,192,827,187,456,152,41,64,0,17
1400000US25027735200,25027735200,"Census Tract 7352, Worcester County, Massachusetts",3417,231,68,66,0,12,0,12,0,12,0,12,0,12,0,12,0,12,12,18,0,12,127,93,20,22,74,48,43,53,20,20,776,156,289,134,272,108,586,148,238,81,566,153,276,95,32,31,18,24
1400000US25027736100,25027736100,"Census Tract 7361, Worcester County, Massachusetts",1850,151,0,12,0,12,0,12,0,12,4,7,0,12,7,9,5,7,6,11,0,12,22,26,10,15,33,29,8,11,16,14,567,97,32,22,135,40,166,52,175,57,432,88,187,48,18,16,27,26
1400000US25027736200,25027736200,"Census Tract 7362, Worcester County, Massachusetts",2616,148,8,12,0,12,0,12,0,12,0,12,0,12,10,16,0,12,0,12,0,12,7,13,11,18,71,63,64,49,15,17,702,138,62,54,89,43,231,87,329,111,602,106,369,136,17,26,29,28
1400000US25027736300,25027736300,"Census Tract 7363, Worcester County, Massachusetts",1834,89,6,8,0,12,0,12,0,12,0,12,0,12,0,12,0,12,5,7,4,6,30,33,12,14,31,35,21,16,38,33,560,95,29,20,149,48,176,53,109,38,517,86,97,42,33,26,17,20
1400000US25027736400,25027736400,"Census Tract 7364, Worcester County, Massachusetts",2259,157,13,19,0,12,0,12,0,12,0,12,0,12,0,12,0,12,0,12,0,12,8,14,15,22,22,24,7,11,59,40,542,108,105,70,95,52,236,85,199,84,558,120,339,109,37,42,24,26
1400000US25027736500,25027736500,"Census Tract 7365, Worcester County, Massachusetts",3360,187,69,64,0,12,0,12,0,12,0,12,0,12,0,12,0,12,0,12,5,12,31,28,11,18,61,50,30,22,35,29,801,153,67,40,196,56,542,165,331,79,787,166,328,95,58,46,8,14
1400000US25027737100,25027737100,"Census Tract 7371, Worcester County, Massachusetts",3651,251,2,5,0,12,0,12,0,12,0,12,0,12,0,12,0,12,0,12,0,12,0,12,44,67,15,27,56,56,97,96,1166,259,95,59,77,48,450,154,325,102,674,190,569,157,68,56,13,23
1400000US25027737200,25027737200,"Census Tract 7372, Worcester County, Massachusetts",1243,119,28,22,0,12,0,12,0,12,0,12,0,12,0,12,5,9,0,12,4,6,5,7,30,29,38,23,52,35,13,13,315,65,24,20,75,40,203,49,106,41,235,81,98,35,9,10,3,6
1400000US25027737300,25027737300,"Census Tract 7373, Worcester County, Massachusetts",4368,227,13,21,0,17,0,17,0,17,17,26,0,17,6,14,47,60,0,17,0,17,20,27,14,23,69,69,108,81,41,41,1238,242,177,154,263,134,368,124,431,116,1089,214,324,133,115,91,28,37
1400000US25027738100,25027738100,"Census Tract 7381, Worcester County, Massachusetts",3071,173,0,12,0,12,0,12,0,12,0,12,0,12,0,12,0,12,0,12,0,12,14,16,40,29,43,42,12,18,68,45,676,172,48,41,125,67,370,106,229,73,811,172,504,104,69,37,62,31
1400000US25027738201,25027738201,"Census Tract 7382.01, Worcester County, Massachusetts",2921,170,42,43,0,12,9,15,0,12,0,12,0,12,0,12,0,12,0,12,0,12,2,5,36,50,41,33,17,19,26,22,470,117,65,61,172,79,345,119,276,82,842,146,455,126,85,43,38,28
1400000US25027738202,25027738202,"Census Tract 7382.02, Worcester County, Massachusetts",4364,194,61,55,0,17,0,17,0,17,0,17,0,17,0,17,1,15,0,17,0,17,47,56,0,17,14,22,0,17,0,17,652,177,121,86,107,64,427,135,412,171,1512,250,722,152,210,128,78,61
1400000US25027739100,25027739100,"Census Tract 7391, Worcester County, Massachusetts",6007,401,119,105,0,17,0,17,0,17,0,17,0,17,0,17,0,17,0,17,0,17,33,42,33,35,34,37,29,36,74,75,1003,239,169,91,235,98,428,134,467,179,1687,299,1379,287,128,79,189,103
1400000US25027739200,25027739200,"Census Tract 7392, Worcester County, Massachusetts",4514,257,81,56,0,17,0,17,0,17,0,17,0,17,0,17,0,17,0,17,0,17,161,113,26,29,12,28,51,57,38,35,1078,196,208,106,310,125,429,174,391,132,1020,231,489,160,119,101,101,71
1400000US25027739300,25027739300,"Census Tract 7393, Worcester County, Massachusetts",2695,169,18,21,0,12,0,12,0,12,0,12,0,12,0,12,0,12,0,12,0,12,8,14,16,18,10,15,8,12,0,12,295,85,53,49,86,41,266,86,229,61,847,162,540,111,133,58,186,73
1400000US25027739400,25027739400,"Census Tract 7394, Worcester County, Massachusetts",5883,323,0,17,13,22,0,17,0,17,0,17,0,17,0,17,22,35,14,22,0,17,0,17,20,20,13,23,39,35,86,62,875,207,76,59,188,88,675,197,559,179,1761,287,931,219,279,122,332,126
1400000US25027739500,25027739500,"Census Tract 7395, Worcester County, Massachusetts",5022,287,46,42,0,17,0,17,0,17,0,17,0,17,0,17,0,17,89,85,0,17,17,28,5,10,21,33,0,17,86,61,500,184,26,38,112,74,275,118,413,157,1776,341,994,223,402,149,260,93
1400000US25027740101,25027740101,"Census Tract 7401.01, Worcester County, Massachusetts",3829,188,0,17,0,17,0,17,0,17,0,17,0,17,0,17,5,10,0,17,0,17,37,43,32,33,12,19,0,17,32,32,582,171,22,23,141,51,435,125,255,92,1225,188,698,137,185,74,168,67
1400000US25027740102,25027740102,"Census Tract 7401.02, Worcester County, Massachusetts",4125,165,3,8,0,17,0,17,0,17,0,17,0,17,0,17,0,17,0,17,0,17,0,17,20,24,42,37,14,24,0,17,767,164,70,52,113,62,460,196,421,141,1377,236,666,183,106,69,66,52
1400000US25027740200,25027740200,"Census Tract 7402, Worcester County, Massachusetts",2181,170,32,30,0,12,0,12,0,12,0,12,0,12,0,12,0,12,27,35,22,33,54,43,0,12,46,35,30,32,28,25,281,94,47,48,107,61,304,112,168,61,559,97,427,98,20,32,29,25
1400000US25027741101,25027741101,"Census Tract 7411.01, Worcester County, Massachusetts",2971,141,0,12,0,12,0,12,0,12,0,12,0,12,0,12,0,12,0,12,0,12,27,41,0,12,3,6,13,16,19,23,457,122,31,30,124,56,220,71,127,51,1029,183,542,118,191,88,188,82
1400000US25027741102,25027741102,"Census Tract 7411.02, Worcester County, Massachusetts",3453,171,0,17,0,17,0,17,0,17,0,17,26,38,0,17,0,17,0,17,31,31,29,27,16,36,9,14,0,17,43,39,257,76,49,36,89,47,220,69,147,61,1487,184,690,131,261,92,99,47
1400000US25027742300,25027742300,"Census Tract 7423, Worcester County, Massachusetts",2993,184,12,17,9,15,0,12,0,12,0,12,0,12,0,12,0,12,0,12,0,12,3,7,12,15,20,21,14,17,29,26,639,149,38,37,77,42,329,97,238,126,837,134,451,111,139,63,146,74
1400000US25027742401,25027742401,"Census Tract 7424.01, Worcester County, Massachusetts",3538,214,6,9,0,17,0,17,0,17,11,16,0,17,0,17,0,17,0,17,11,13,19,29,0,17,0,17,11,17,17,20,479,215,36,28,98,60,162,80,217,89,1113,169,955,128,208,91,195,76
1400000US25027742402,25027742402,"Census Tract 7424.02, Worcester County, Massachusetts",2419,192,19,20,0,12,0,12,0,12,0,12,0,12,0,12,0,12,0,12,0,12,9,13,17,24,32,34,50,38,2,4,181,89,19,29,49,37,99,55,96,44,995,170,721,155,47,41,83,50
1400000US25027743100,25027743100,"Census Tract 7431, Worcester County, Massachusetts",5233,179,16,26,0,17,0,17,0,17,0,17,16,26,0,17,0,17,15,23,0,17,0,17,28,32,49,48,20,32,46,42,1008,204,106,74,295,128,527,152,521,138,1576,245,855,194,36,35,119,88
1400000US25027744101,25027744101,"Census Tract 7441.01, Worcester County, Massachusetts",5213,265,53,45,0,17,0,17,0,17,0,17,0,17,0,17,0,17,0,17,36,57,25,29,0,17,0,17,31,34,56,53,1082,215,88,57,351,121,596,189,392,131,1674,249,683,186,71,55,75,51
1400000US25027744102,25027744102,"Census Tract 7441.02, Worcester County, Massachusetts",3639,194,14,17,0,17,0,17,0,17,0,17,0,17,0,17,0,17,20,24,0,17,14,23,17,19,0,17,14,22,57,42,1019,194,44,32,161,67,431,138,390,107,978,151,386,101,38,30,56,34
1400000US25027744200,25027744200,"Census Tract 7442, Worcester County, Massachusetts",5400,355,67,64,0,17,0,17,0,17,0,17,36,57,61,70,0,17,30,42,0,17,35,33,17,27,43,49,130,94,63,97,1280,294,54,52,487,177,614,191,629,201,1320,239,397,146,46,51,91,100
1400000US25027744300,25027744300,"Census Tract 7443, Worcester County, Massachusetts",2680,269,64,44,0,12,0,12,0,12,36,50,0,12,22,35,14,23,53,59,23,35,45,46,41,38,89,69,26,25,50,44,822,214,152,64,253,105,401,140,106,64,327,103,111,56,40,47,5,9
1400000US25027744400,25027744400,"Census Tract 7444, Worcester County, Massachusetts",2848,186,44,37,0,12,0,12,0,12,0,12,39,58,46,58,10,16,0,12,0,12,24,25,31,28,23,25,39,47,29,33,746,188,50,38,228,106,416,191,317,130,493,124,227,85,77,48,9,11
1400000US25027745100,25027745100,"Census Tract 7451, Worcester County, Massachusetts",4135,190,77,79,0,17,0,17,0,17,0,17,0,17,0,17,38,61,10,21,12,20,17,26,14,25,40,46,31,38,79,62,986,242,30,31,146,91,548,152,443,146,1255,247,335,135,60,56,14,24
1400000US25027746100,25027746100,"Census Tract 7461, Worcester County, Massachusetts",3900,171,58,50,0,17,0,17,0,17,0,17,0,17,0,17,0,17,0,17,0,17,7,12,10,18,48,38,0,17,12,19,730,213,51,38,317,119,408,131,416,122,1107,202,584,156,138,78,14,22
1400000US25027747101,25027747101,"Census Tract 7471.01, Worcester County, Massachusetts",3539,184,23,22,0,17,0,17,0,17,0,17,0,17,0,17,0,17,31,50,0,17,27,21,11,13,56,38,13,14,40,27,1127,179,176,79,344,93,477,134,242,77,630,150,307,95,17,20,18,29
1400000US25027747102,25027747102,"Census Tract 7471.02, Worcester County, Massachusetts",2599,162,12,18,0,12,0,12,0,12,0,12,0,12,0,12,0,12,14,16,0,12,2,4,10,13,24,34,86,60,60,34,728,151,88,54,175,68,339,119,244,74,615,110,170,63,0,12,32,49
1400000US25027748100,25027748100,"Census Tract 7481, Worcester County, Massachusetts",2170,82,32,27,0,12,0,12,0,12,0,12,0,12,0,12,0,12,0,12,0,12,68,41,46,28,29,16,29,27,32,30,571,98,94,37,171,48,296,73,208,58,415,84,161,53,5,7,13,14
1400000US25027749100,25027749100,"Census Tract 7491, Worcester County, Massachusetts",5011,347,83,92,0,17,0,17,0,17,0,17,0,17,0,17,0,17,0,17,36,56,16,21,6,12,22,26,29,29,40,36,1155,227,68,57,372,130,584,141,559,186,1257,212,635,161,92,44,57,48
1400000US25027749200,25027749200,"Census Tract 7492, Worcester County, Massachusetts",4058,298,31,44,0,17,0,17,0,17,0,17,0,17,0,17,0,17,0,17,0,17,49,63,0,17,31,50,45,56,40,39,1564,355,208,132,139,79,532,143,424,120,676,200,249,110,70,70,0,17
1400000US25027750100,25027750100,"Census Tract 7501, Worcester County, Massachusetts",4175,319,38,41,0,17,0,17,0,17,0,17,0,17,0,17,0,17,0,17,17,26,7,17,82,86,145,89,28,34,16,26,907,311,216,108,229,114,760,214,445,138,917,226,332,131,0,17,36,53
1400000US25027750200,25027750200,"Census Tract 7502, Worcester County, Massachusetts",4935,213,51,50,0,17,0,17,0,17,0,17,0,17,0,17,0,17,4,8,0,17,23,37,10,15,55,50,22,32,100,99,1245,251,122,95,301,127,647,197,387,154,1158,228,644,171,84,66,82,59
1400000US25027750300,25027750300,"Census Tract 7503, Worcester County, Massachusetts",2027,259,21,25,0,12,0,12,0,12,0,12,25,40,0,12,0,12,7,14,12,19,28,24,11,14,75,66,89,76,25,28,652,199,130,101,73,42,204,86,142,88,271,98,238,92,6,10,18,21
1400000US25027751101,25027751101,"Census Tract 7511.01, Worcester County, Massachusetts",4036,243,15,25,0,17,0,17,0,17,0,17,0,17,0,17,0,17,0,17,42,67,0,17,14,22,24,27,0,17,39,42,1243,253,86,53,364,117,374,149,253,115,943,175,555,171,29,36,55,43
1400000US25027751102,25027751102,"Census Tract 7511.02, Worcester County, Massachusetts",2233,165,19,28,0,12,0,12,0,12,0,12,0,12,0,12,0,12,0,12,7,10,15,23,0,12,0,12,9,15,36,29,389,100,60,49,103,61,194,63,168,84,670,124,426,100,63,37,74,52
1400000US25027752100,25027752100,"Census Tract 7521, Worcester County, Massachusetts",5766,334,0,17,0,17,0,17,0,17,0,17,0,17,0,17,0,17,0,17,26,30,98,89,12,22,14,22,0,17,55,54,1573,282,212,103,422,138,808,204,607,171,1393,279,463,149,55,51,28,34
1400000US25027753100,25027753100,"Census Tract 7531, Worcester County, Massachusetts",5233,297,0,17,0,17,0,17,0,17,0,17,0,17,0,17,0,17,43,66,0,17,13,20,0,17,100,100,96,83,71,57,1566,305,148,87,349,146,598,183,581,187,1178,255,402,162,70,64,18,28
1400000US25027753200,25027753200,"Census Tract 7532, Worcester County, Massachusetts",4267,273,0,17,0,17,0,17,0,17,0,17,0,17,0,17,0,17,0,17,23,28,48,42,53,47,48,46,141,117,28,32,1429,287,129,68,340,149,640,202,292,156,782,210,292,139,22,39,0,17
1400000US25027754100,25027754100,"Census Tract 7541, Worcester County, Massachusetts",4330,283,36,32,0,17,0,17,0,17,0,17,17,25,0,17,0,17,18,29,0,17,29,32,56,49,80,58,62,49,76,50,1225,259,188,89,293,142,403,147,552,160,792,193,422,144,81,65,0,17
1400000US25027754200,25027754200,"Census Tract 7542, Worcester County, Massachusetts",2718,228,133,101,0,12,0,12,0,12,0,12,0,12,0,12,0,12,52,45,9,14,62,40,83,53,128,62,86,72,105,64,814,150,109,59,109,58,277,95,305,106,337,114,89,54,20,21,0,12
1400000US25027754300,25027754300,"Census Tract 7543, Worcester County, Massachusetts",1942,226,49,57,0,12,11,17,0,12,8,13,0,12,0,12,0,12,20,20,0,12,53,44,47,50,10,16,71,50,104,65,659,162,165,76,136,57,229,81,138,73,212,88,29,26,1,2,0,12
1400000US25027754400,25027754400,"Census Tract 7544, Worcester County, Massachusetts",2810,230,124,115,0,12,0,12,0,12,8,13,19,26,0,12,0,12,9,12,3,8,24,19,71,49,67,60,103,68,68,49,936,162,80,39,143,61,359,108,154,55,466,110,153,67,19,18,4,8
1400000US25027755100,25027755100,"Census Tract 7551, Worcester County, Massachusetts",2408,217,0,12,0,12,0,12,0,12,0,12,0,12,0,12,0,12,0,12,0,12,25,39,9,16,35,36,84,68,90,63,846,207,110,64,121,58,262,77,293,98,358,125,128,68,24,26,23,27
1400000US25027755200,25027755200,"Census Tract 7552, Worcester County, Massachusetts",4926,263,41,39,0,17,0,17,0,17,0,17,0,17,17,28,0,17,0,17,0,17,121,100,45,42,138,85,23,29,59,40,1266,221,49,46,457,139,584,161,638,189,943,211,465,137,33,25,47,38
1400000US25027756101,25027756101,"Census Tract 7561.01, Worcester County, Massachusetts",3187,190,0,12,0,12,0,12,0,12,0,12,33,45,0,12,0,12,6,10,8,13,50,50,55,37,30,26,82,53,13,15,923,199,61,39,176,93,351,126,283,102,657,165,389,140,0,12,70,59
1400000US25027756102,25027756102,"Census Tract 7561.02, Worcester County, Massachusetts",5957,235,21,34,0,17,0,17,0,17,0,17,0,17,0,17,0,17,54,67,17,29,0,17,16,21,62,71,31,36,0,17,1887,304,230,133,472,160,531,174,805,224,1268,287,502,168,61,50,0,17
1400000US25027757100,25027757100,"Census Tract 7571, Worcester County, Massachusetts",3036,215,0,12,0,12,0,12,0,12,0,12,0,12,0,12,0,12,0,12,37,41,117,75,83,73,103,55,71,55,33,48,924,198,119,78,221,84,539,128,321,103,296,93,135,76,29,31,8,13
1400000US25027757200,25027757200,"Census Tract 7572, Worcester County, Massachusetts",1319,131,24,19,0,12,0,12,0,12,0,12,12,19,13,19,14,15,30,22,23,30,78,48,41,34,40,33,89,42,45,23,360,81,95,39,105,45,157,59,60,34,94,45,39,26,0,12,0,12
1400000US25027757300,25027757300,"Census Tract 7573, Worcester County, Massachusetts",1896,215,6,11,0,12,0,12,0,12,24,39,35,47,33,35,0,12,30,39,7,11,103,62,62,51,48,43,65,50,73,66,640,133,145,93,71,47,364,124,48,31,97,47,45,34,0,12,0,12
1400000US25027757400,25027757400,"Census Tract 7574, Worcester County, Massachusetts",2104,171,6,11,0,12,0,12,0,12,0,12,0,12,0,12,7,14,6,14,0,12,54,49,7,14,50,46,141,127,37,39,661,128,150,80,158,61,150,67,221,92,236,94,126,73,65,37,29,39
1400000US25027757500,25027757500,"Census Tract 7575, Worcester County, Massachusetts",2988,197,5,12,0,12,0,12,0,12,0,12,8,13,9,16,28,43,33,51,0,12,25,21,14,16,60,41,120,67,34,34,768,163,109,59,289,98,434,111,241,91,551,128,207,73,40,33,13,20
1400000US25027758101,25027758101,"Census Tract 7581.01, Worcester County, Massachusetts",1316,97,4,7,0,12,0,12,0,12,0,12,0,12,0,12,0,12,0,12,0,12,49,34,20,26,14,13,6,9,40,24,364,76,47,23,44,28,121,40,92,32,274,63,198,54,17,23,26,26
1400000US25027758102,25027758102,"Census Tract 7581.02, Worcester County, Massachusetts",5320,223,102,118,0,17,0,17,0,17,0,17,0,17,0,17,0,17,0,17,13,22,14,22,19,31,16,25,18,31,20,25,809,258,59,58,275,136,644,175,601,170,1633,326,781,227,186,90,130,75
1400000US25027759100,25027759100,"Census Tract 7591, Worcester County, Massachusetts",1589,120,14,15,0,12,0,12,8,10,0,12,0,12,0,12,10,16,0,12,4,7,0,12,23,23,37,29,13,12,13,15,514,99,55,27,108,39,176,52,131,48,340,84,128,45,10,11,5,8
1400000US25027760100,25027760100,"Census Tract 7601, Worcester County, Massachusetts",2492,113,45,38,0,12,0,12,0,12,0,12,0,12,0,12,0,12,0,12,8,12,63,42,0,12,54,82,60,46,47,30,732,169,81,49,107,53,325,118,148,62,601,143,159,73,22,26,40,42
1400000US25027761100,25027761100,"Census Tract 7611, Worcester County, Massachusetts",3713,249,0,17,0,17,0,17,0,17,0,17,0,17,0,17,0,17,12,20,0,17,0,17,29,34,59,58,94,81,42,65,1751,285,22,27,4,21,581,191,338,168,715,255,66,59,0,17,0,17
1400000US25027761200,25027761200,"Census Tract 7612, Worcester County, Massachusetts",3962,325,43,50,0,17,0,17,0,17,0,17,0,17,0,17,37,61,16,32,0,17,8,9,9,14,23,30,13,21,25,29,663,200,43,33,127,71,367,138,336,118,1388,269,516,144,176,93,172,86
1400000US25027761300,25027761300,"Census Tract 7613, Worcester County, Massachusetts",2378,160,0,12,0,12,0,12,0,12,0,12,0,12,0,12,10,16,0,12,0,12,0,12,0,12,20,23,5,9,41,30,502,118,111,75,142,63,344,114,161,61,470,126,383,90,60,45,129,83
1400000US25027761400,25027761400,"Census Tract 7614, Worcester County, Massachusetts",4989,161,14,25,0,17,0,17,0,17,0,17,0,17,0,17,0,17,0,17,13,23,0,17,7,18,33,32,40,29,24,30,433,131,366,89,216,69,518,155,167,75,1543,206,1124,139,246,86,245,78
